account_id,customer_id,account_type,account_status,opening_date,balance,branch_code,created_at
ACC00001,CUST00421,CURRENT,ACTIVE,2024-01-02,1440388.34,BR005,2024-01-02 10:00:00
ACC00002,CUST00822,SAVINGS,ACTIVE,2018-11-11,92981.49,BR007,2018-11-11 10:00:00
ACC00003,CUST00977,SAVINGS,ACTIVE,2022-02-20,347476.87,BR007,2022-02-20 10:00:00
ACC00004,CUST00732,CURRENT,ACTIVE,2019-01-04,1208157.87,BR004,2019-01-04 10:00:00
ACC00005,CUST00088,SAVINGS,ACTIVE,2024-03-25,267406.03,BR004,2024-03-25 10:00:00
ACC00006,CUST00239,SAVINGS,ACTIVE,2023-01-31,264655.61,BR004,2023-01-31 10:00:00
ACC00007,CUST00159,CURRENT,ACTIVE,2015-04-07,324837.51,BR001,2015-04-07 10:00:00
ACC00008,CUST00650,SAVINGS,ACTIVE,2023-01-30,460649.79,BR001,2023-01-30 10:00:00
ACC00009,CUST00189,SALARY,ACTIVE,2021-11-18,106670.56,BR003,2021-11-18 10:00:00
ACC00010,CUST00259,CURRENT,ACTIVE,2023-11-02,382683.68,BR004,2023-11-02 10:00:00
ACC00011,CUST00270,SAVINGS,ACTIVE,2018-11-19,190286.74,BR001,2018-11-19 10:00:00
ACC00012,CUST00539,CURRENT,ACTIVE,2015-09-01,1059567.6,BR002,2015-09-01 10:00:00
ACC00013,CUST00995,SAVINGS,ACTIVE,2016-11-11,17517.4,BR006,2016-11-11 10:00:00
ACC00014,CUST00770,SAVINGS,ACTIVE,2019-11-14,285668.62,BR007,2019-11-14 10:00:00
ACC00015,CUST00392,SAVINGS,ACTIVE,2024-01-02,72205.92,BR005,2024-01-02 10:00:00
ACC00016,CUST00928,SAVINGS,ACTIVE,2022-03-29,391244.96,BR001,2022-03-29 10:00:00
ACC00017,CUST00028,SAVINGS,ACTIVE,2023-02-05,18479.26,BR003,2023-02-05 10:00:00
ACC00018,CUST00498,SAVINGS,ACTIVE,2022-08-17,340752.01,BR008,2022-08-17 10:00:00
ACC00019,CUST00452,SAVINGS,ACTIVE,2022-08-17,252181.54,BR004,2022-08-17 10:00:00
ACC00020,CUST00629,SAVINGS,ACTIVE,2018-04-02,261946.77,BR003,2018-04-02 10:00:00
ACC00021,CUST00029,CURRENT,ACTIVE,2020-01-21,347886.96,BR003,2020-01-21 10:00:00
ACC00022,CUST00034,CURRENT,CLOSED,2023-04-03,1266526.66,BR008,2023-04-03 10:00:00
ACC00023,CUST00261,SAVINGS,ACTIVE,2021-07-10,414058.71,BR003,2021-07-10 10:00:00
ACC00024,CUST00215,SAVINGS,ACTIVE,2023-03-22,99378.47,BR002,2023-03-22 10:00:00
ACC00025,CUST00211,SAVINGS,ACTIVE,2020-06-23,16454.31,BR005,2020-06-23 10:00:00
ACC00026,CUST00644,SAVINGS,ACTIVE,2022-06-17,299562.6,BR005,2022-06-17 10:00:00
ACC00027,CUST00421,SAVINGS,ACTIVE,2022-11-24,122066.74,BR002,2022-11-24 10:00:00
ACC00028,CUST00877,SALARY,ACTIVE,2024-03-01,345340.42,BR008,2024-03-01 10:00:00
ACC00029,CUST00202,SAVINGS,ACTIVE,2023-03-02,6718.17,BR006,2023-03-02 10:00:00
ACC00030,CUST00074,CURRENT,CLOSED,2023-10-12,312453.47,BR007,2023-10-12 10:00:00
ACC00031,CUST00305,CURRENT,CLOSED,2023-09-29,513694.33,BR002,2023-09-29 10:00:00
ACC00032,CUST00583,SAVINGS,ACTIVE,2018-09-20,294619.82,BR007,2018-09-20 10:00:00
ACC00033,CUST00180,SAVINGS,INACTIVE,2022-04-18,146834.39,BR003,2022-04-18 10:00:00
ACC00034,CUST00561,CURRENT,ACTIVE,2023-09-18,162604.03,BR004,2023-09-18 10:00:00
ACC00035,CUST00419,SALARY,ACTIVE,2023-03-09,53597.61,BR003,2023-03-09 10:00:00
ACC00036,CUST00781,SALARY,ACTIVE,2023-11-12,229731.25,BR006,2023-11-12 10:00:00
ACC00037,CUST00291,SAVINGS,ACTIVE,2021-07-13,181757.39,BR007,2021-07-13 10:00:00
ACC00038,CUST00897,SAVINGS,ACTIVE,2022-07-17,121457.54,BR002,2022-07-17 10:00:00
ACC00039,CUST00268,SALARY,ACTIVE,2022-08-22,38605.08,BR001,2022-08-22 10:00:00
ACC00040,CUST00625,SAVINGS,INACTIVE,2021-08-06,434098.0,BR002,2021-08-06 10:00:00
ACC00041,CUST00582,SAVINGS,ACTIVE,2022-08-25,467192.85,BR003,2022-08-25 10:00:00
ACC00042,CUST00841,SAVINGS,ACTIVE,2020-01-20,46891.55,BR003,2020-01-20 10:00:00
ACC00043,CUST00379,CURRENT,ACTIVE,2022-02-22,1468263.55,BR008,2022-02-22 10:00:00
ACC00044,CUST00943,CURRENT,ACTIVE,2018-10-18,1458228.95,BR008,2018-10-18 10:00:00
ACC00045,CUST00447,SAVINGS,INACTIVE,2021-02-09,205994.03,BR003,2021-02-09 10:00:00
ACC00046,CUST00593,SAVINGS,ACTIVE,2022-10-21,476142.37,BR006,2022-10-21 10:00:00
ACC00047,CUST00041,SAVINGS,ACTIVE,2020-02-26,133256.65,BR001,2020-02-26 10:00:00
ACC00048,CUST00787,CURRENT,ACTIVE,2024-02-23,1191121.19,BR001,2024-02-23 10:00:00
ACC00049,CUST00292,SAVINGS,ACTIVE,2023-03-01,81207.39,BR007,2023-03-01 10:00:00
ACC00050,CUST00124,SALARY,ACTIVE,2023-06-29,235856.94,BR006,2023-06-29 10:00:00
ACC00051,CUST00218,SAVINGS,ACTIVE,2021-05-27,56786.73,BR003,2021-05-27 10:00:00
ACC00052,CUST00806,CURRENT,INACTIVE,2023-10-29,1158119.56,BR004,2023-10-29 10:00:00
ACC00053,CUST00861,SAVINGS,ACTIVE,2020-06-15,498228.02,BR008,2020-06-15 10:00:00
ACC00054,CUST00424,SAVINGS,ACTIVE,2022-01-07,140991.59,BR001,2022-01-07 10:00:00
ACC00055,CUST00257,SAVINGS,INACTIVE,2019-09-06,321007.65,BR006,2019-09-06 10:00:00
ACC00056,CUST00935,SAVINGS,CLOSED,2023-03-19,191691.7,BR006,2023-03-19 10:00:00
ACC00057,CUST00890,CURRENT,CLOSED,2019-04-13,104764.33,BR001,2019-04-13 10:00:00
ACC00058,CUST00799,SALARY,ACTIVE,2020-11-03,91964.59,BR003,2020-11-03 10:00:00
ACC00059,CUST00590,SAVINGS,ACTIVE,2019-10-16,43150.28,BR008,2019-10-16 10:00:00
ACC00060,CUST00933,SALARY,ACTIVE,2023-02-26,313110.32,BR003,2023-02-26 10:00:00
ACC00061,CUST00811,CURRENT,ACTIVE,2023-06-04,529478.24,BR005,2023-06-04 10:00:00
ACC00062,CUST00654,SAVINGS,ACTIVE,2024-04-16,242108.56,BR003,2024-04-16 10:00:00
ACC00063,CUST00574,SALARY,ACTIVE,2023-10-23,201759.32,BR001,2023-10-23 10:00:00
ACC00064,CUST00525,SAVINGS,INACTIVE,2020-05-01,41209.83,BR003,2020-05-01 10:00:00
ACC00065,CUST00945,SAVINGS,CLOSED,2019-12-22,9557.92,BR008,2019-12-22 10:00:00
ACC00066,CUST00594,SALARY,ACTIVE,2021-05-04,44194.37,BR007,2021-05-04 10:00:00
ACC00067,CUST00418,SAVINGS,ACTIVE,2022-02-18,471803.56,BR003,2022-02-18 10:00:00
ACC00068,CUST00936,CURRENT,ACTIVE,2023-12-11,168732.93,BR004,2023-12-11 10:00:00
ACC00069,CUST00437,CURRENT,ACTIVE,2024-01-21,1167216.98,BR007,2024-01-21 10:00:00
ACC00070,CUST00214,SAVINGS,ACTIVE,2018-01-19,485942.89,BR001,2018-01-19 10:00:00
ACC00071,CUST00353,SAVINGS,ACTIVE,2020-10-20,448585.82,BR002,2020-10-20 10:00:00
ACC00072,CUST00318,CURRENT,ACTIVE,2022-04-28,635729.25,BR006,2022-04-28 10:00:00
ACC00073,CUST00657,SAVINGS,ACTIVE,2023-02-08,487099.9,BR006,2023-02-08 10:00:00
ACC00074,CUST00016,SAVINGS,ACTIVE,2023-03-19,188127.94,BR003,2023-03-19 10:00:00
ACC00075,CUST00426,SAVINGS,ACTIVE,2022-09-27,345053.95,BR007,2022-09-27 10:00:00
ACC00076,CUST00661,CURRENT,ACTIVE,2024-04-29,1389575.01,BR002,2024-04-29 10:00:00
ACC00077,CUST00176,SALARY,ACTIVE,2017-08-19,35925.09,BR001,2017-08-19 10:00:00
ACC00078,CUST00740,CURRENT,ACTIVE,2023-11-05,1131166.93,BR002,2023-11-05 10:00:00
ACC00079,CUST00514,CURRENT,ACTIVE,2017-04-03,1009872.45,BR007,2017-04-03 10:00:00
ACC00080,CUST00813,SAVINGS,ACTIVE,2021-11-27,192087.22,BR004,2021-11-27 10:00:00
ACC00081,CUST00122,SALARY,CLOSED,2024-03-10,338827.56,BR008,2024-03-10 10:00:00
ACC00082,CUST00742,SAVINGS,ACTIVE,2023-11-03,6283.55,BR006,2023-11-03 10:00:00
ACC00083,CUST00624,CURRENT,ACTIVE,2023-01-26,1322420.56,BR005,2023-01-26 10:00:00
ACC00084,CUST00915,SAVINGS,INACTIVE,2021-10-22,337467.15,BR001,2021-10-22 10:00:00
ACC00085,CUST00355,SALARY,ACTIVE,2016-11-30,14055.15,BR006,2016-11-30 10:00:00
ACC00086,CUST00378,CURRENT,ACTIVE,2022-11-14,493269.67,BR003,2022-11-14 10:00:00
ACC00087,CUST00296,SALARY,CLOSED,2021-03-10,196730.16,BR007,2021-03-10 10:00:00
ACC00088,CUST00827,SAVINGS,ACTIVE,2024-03-18,28161.54,BR007,2024-03-18 10:00:00
ACC00089,CUST00805,SAVINGS,ACTIVE,2018-09-03,203051.71,BR006,2018-09-03 10:00:00
ACC00090,CUST00134,SAVINGS,ACTIVE,2018-03-30,355737.37,BR003,2018-03-30 10:00:00
ACC00091,CUST00679,SAVINGS,ACTIVE,2024-03-19,421907.79,BR005,2024-03-19 10:00:00
ACC00092,CUST00236,CURRENT,ACTIVE,2023-02-03,325549.8,BR002,2023-02-03 10:00:00
ACC00093,CUST00208,SAVINGS,ACTIVE,2023-02-09,78641.68,BR002,2023-02-09 10:00:00
ACC00094,CUST00369,SAVINGS,ACTIVE,2021-09-03,491748.56,BR006,2021-09-03 10:00:00
ACC00095,CUST00396,SAVINGS,ACTIVE,2022-09-01,150218.95,BR004,2022-09-01 10:00:00
ACC00096,CUST00538,CURRENT,ACTIVE,2022-02-03,1161327.59,BR001,2022-02-03 10:00:00
ACC00097,CUST00960,SAVINGS,INACTIVE,2018-11-05,320097.32,BR002,2018-11-05 10:00:00
ACC00098,CUST00081,SAVINGS,INACTIVE,2023-12-23,55770.64,BR005,2023-12-23 10:00:00
ACC00099,CUST00634,SAVINGS,ACTIVE,2019-04-14,248386.91,BR006,2019-04-14 10:00:00
ACC00100,CUST00688,SALARY,ACTIVE,2016-03-04,174407.75,BR001,2016-03-04 10:00:00
ACC00101,CUST00777,SAVINGS,ACTIVE,2019-08-15,107122.25,BR007,2019-08-15 10:00:00
ACC00102,CUST00319,SAVINGS,ACTIVE,2021-12-05,404753.15,BR003,2021-12-05 10:00:00
ACC00103,CUST00161,SAVINGS,INACTIVE,2019-02-01,60810.55,BR006,2019-02-01 10:00:00
ACC00104,CUST00660,SALARY,ACTIVE,2018-09-09,59643.95,BR005,2018-09-09 10:00:00
ACC00105,CUST00174,SALARY,ACTIVE,2019-03-23,189904.19,BR003,2019-03-23 10:00:00
ACC00106,CUST00514,SAVINGS,ACTIVE,2019-04-28,17175.07,BR003,2019-04-28 10:00:00
ACC00107,CUST00851,SAVINGS,ACTIVE,2022-11-19,135626.29,BR008,2022-11-19 10:00:00
ACC00108,CUST00493,SAVINGS,ACTIVE,2024-05-09,276869.81,BR005,2024-05-09 10:00:00
ACC00109,CUST00106,SAVINGS,ACTIVE,2024-02-18,257546.63,BR007,2024-02-18 10:00:00
ACC00110,CUST00213,SALARY,ACTIVE,2019-02-09,242034.82,BR005,2019-02-09 10:00:00
ACC00111,CUST00564,SALARY,ACTIVE,2023-12-27,269424.86,BR005,2023-12-27 10:00:00
ACC00112,CUST00860,SAVINGS,ACTIVE,2023-02-21,218152.16,BR008,2023-02-21 10:00:00
ACC00113,CUST00387,SAVINGS,ACTIVE,2024-01-17,312398.2,BR007,2024-01-17 10:00:00
ACC00114,CUST00886,SAVINGS,ACTIVE,2021-12-24,449202.6,BR002,2021-12-24 10:00:00
ACC00115,CUST00227,SAVINGS,INACTIVE,2023-08-25,128399.17,BR007,2023-08-25 10:00:00
ACC00116,CUST00002,SAVINGS,ACTIVE,2023-07-22,177746.03,BR001,2023-07-22 10:00:00
ACC00117,CUST00710,SAVINGS,ACTIVE,2022-03-08,395970.95,BR006,2022-03-08 10:00:00
ACC00118,CUST00958,SAVINGS,ACTIVE,2021-01-19,187552.23,BR006,2021-01-19 10:00:00
ACC00119,CUST00781,SAVINGS,ACTIVE,2020-07-06,359109.3,BR004,2020-07-06 10:00:00
ACC00120,CUST00234,SAVINGS,ACTIVE,2023-12-26,281916.19,BR007,2023-12-26 10:00:00
ACC00121,CUST00844,SAVINGS,ACTIVE,2023-05-31,53702.8,BR005,2023-05-31 10:00:00
ACC00122,CUST00411,CURRENT,INACTIVE,2024-05-13,135365.69,BR007,2024-05-13 10:00:00
ACC00123,CUST00474,CURRENT,ACTIVE,2021-11-13,317271.86,BR001,2021-11-13 10:00:00
ACC00124,CUST00075,CURRENT,ACTIVE,2019-04-06,646324.94,BR002,2019-04-06 10:00:00
ACC00125,CUST00455,SAVINGS,ACTIVE,2023-11-21,192971.62,BR001,2023-11-21 10:00:00
ACC00126,CUST00233,SAVINGS,ACTIVE,2023-08-05,494007.5,BR008,2023-08-05 10:00:00
ACC00127,CUST00885,SAVINGS,ACTIVE,2023-12-14,20911.58,BR001,2023-12-14 10:00:00
ACC00128,CUST00063,SAVINGS,ACTIVE,2023-09-20,49822.11,BR007,2023-09-20 10:00:00
ACC00129,CUST00703,CURRENT,ACTIVE,2019-12-21,615507.91,BR006,2019-12-21 10:00:00
ACC00130,CUST00019,SAVINGS,ACTIVE,2022-08-04,348987.33,BR008,2022-08-04 10:00:00
ACC00131,CUST00529,SAVINGS,ACTIVE,2020-04-15,421930.13,BR002,2020-04-15 10:00:00
ACC00132,CUST00018,SAVINGS,ACTIVE,2023-03-22,71520.38,BR006,2023-03-22 10:00:00
ACC00133,CUST00762,SALARY,ACTIVE,2021-09-15,63716.05,BR004,2021-09-15 10:00:00
ACC00134,CUST00184,CURRENT,ACTIVE,2024-03-30,1484608.42,BR001,2024-03-30 10:00:00
ACC00135,CUST00143,SAVINGS,ACTIVE,2018-10-20,26381.69,BR005,2018-10-20 10:00:00
ACC00136,CUST00042,SAVINGS,ACTIVE,2022-05-04,396334.85,BR007,2022-05-04 10:00:00
ACC00137,CUST00431,SAVINGS,ACTIVE,2020-12-02,292767.97,BR002,2020-12-02 10:00:00
ACC00138,CUST00517,SAVINGS,INACTIVE,2024-02-20,293104.82,BR007,2024-02-20 10:00:00
ACC00139,CUST00771,CURRENT,ACTIVE,2020-11-27,803193.67,BR008,2020-11-27 10:00:00
ACC00140,CUST00463,CURRENT,CLOSED,2024-02-29,1164649.86,BR008,2024-02-29 10:00:00
ACC00141,CUST00766,SAVINGS,ACTIVE,2020-07-01,356412.23,BR006,2020-07-01 10:00:00
ACC00142,CUST00628,SAVINGS,INACTIVE,2023-03-05,324449.3,BR004,2023-03-05 10:00:00
ACC00143,CUST00863,CURRENT,ACTIVE,2024-02-21,113893.72,BR001,2024-02-21 10:00:00
ACC00144,CUST00244,CURRENT,ACTIVE,2022-08-31,302178.21,BR002,2022-08-31 10:00:00
ACC00145,CUST00692,SAVINGS,ACTIVE,2024-05-18,258178.84,BR006,2024-05-18 10:00:00
ACC00146,CUST00862,CURRENT,ACTIVE,2023-07-12,991551.77,BR002,2023-07-12 10:00:00
ACC00147,CUST00336,SALARY,ACTIVE,2021-07-01,138023.63,BR008,2021-07-01 10:00:00
ACC00148,CUST00639,SALARY,ACTIVE,2022-12-11,69843.95,BR005,2022-12-11 10:00:00
ACC00149,CUST00828,SAVINGS,ACTIVE,2024-03-06,325070.52,BR003,2024-03-06 10:00:00
ACC00150,CUST00641,SAVINGS,ACTIVE,2020-01-11,122179.82,BR008,2020-01-11 10:00:00
ACC00151,CUST00708,SAVINGS,ACTIVE,2024-05-16,227688.86,BR005,2024-05-16 10:00:00
ACC00152,CUST00112,SAVINGS,ACTIVE,2020-08-03,217158.13,BR003,2020-08-03 10:00:00
ACC00153,CUST00532,SAVINGS,ACTIVE,2022-09-26,28945.64,BR005,2022-09-26 10:00:00
ACC00154,CUST00115,SAVINGS,ACTIVE,2021-02-25,366670.8,BR007,2021-02-25 10:00:00
ACC00155,CUST00040,SAVINGS,ACTIVE,2017-01-07,298039.46,BR008,2017-01-07 10:00:00
ACC00156,CUST00949,SAVINGS,ACTIVE,2018-09-27,324056.57,BR002,2018-09-27 10:00:00
ACC00157,CUST00757,SAVINGS,ACTIVE,2017-05-10,288677.18,BR004,2017-05-10 10:00:00
ACC00158,CUST00876,SAVINGS,ACTIVE,2023-05-17,441593.64,BR007,2023-05-17 10:00:00
ACC00159,CUST00899,SAVINGS,ACTIVE,2024-03-21,135962.81,BR004,2024-03-21 10:00:00
ACC00160,CUST00401,SAVINGS,ACTIVE,2024-04-16,145776.29,BR005,2024-04-16 10:00:00
ACC00161,CUST00598,CURRENT,ACTIVE,2024-04-04,1363979.1,BR008,2024-04-04 10:00:00
ACC00162,CUST00028,CURRENT,INACTIVE,2023-05-09,376963.74,BR006,2023-05-09 10:00:00
ACC00163,CUST00245,CURRENT,ACTIVE,2022-02-10,1352307.1,BR003,2022-02-10 10:00:00
ACC00164,CUST00892,SALARY,ACTIVE,2022-12-26,120248.68,BR003,2022-12-26 10:00:00
ACC00165,CUST00196,SALARY,INACTIVE,2019-11-27,239325.02,BR001,2019-11-27 10:00:00
ACC00166,CUST00907,SAVINGS,CLOSED,2023-08-13,3000.72,BR004,2023-08-13 10:00:00
ACC00167,CUST00409,SAVINGS,ACTIVE,2018-03-02,284715.2,BR005,2018-03-02 10:00:00
ACC00168,CUST00288,CURRENT,ACTIVE,2017-05-25,1138613.91,BR002,2017-05-25 10:00:00
ACC00169,CUST00678,SAVINGS,ACTIVE,2023-04-06,227676.64,BR006,2023-04-06 10:00:00
ACC00170,CUST00260,SALARY,ACTIVE,2021-11-18,92470.21,BR008,2021-11-18 10:00:00
ACC00171,CUST00069,SAVINGS,ACTIVE,2022-12-02,445957.78,BR008,2022-12-02 10:00:00
ACC00172,CUST00495,SAVINGS,ACTIVE,2017-09-17,76080.44,BR007,2017-09-17 10:00:00
ACC00173,CUST00169,SALARY,ACTIVE,2023-05-02,128232.07,BR001,2023-05-02 10:00:00
ACC00174,CUST00118,SAVINGS,ACTIVE,2022-09-05,181311.41,BR002,2022-09-05 10:00:00
ACC00175,CUST00444,SAVINGS,CLOSED,2023-09-08,482812.9,BR008,2023-09-08 10:00:00
ACC00176,CUST00653,SALARY,INACTIVE,2020-11-27,96531.72,BR006,2020-11-27 10:00:00
ACC00177,CUST00723,SALARY,ACTIVE,2024-01-25,331116.94,BR005,2024-01-25 10:00:00
ACC00178,CUST00210,SAVINGS,ACTIVE,2023-09-20,351663.23,BR002,2023-09-20 10:00:00
ACC00179,CUST00688,SAVINGS,ACTIVE,2023-12-07,396689.4,BR005,2023-12-07 10:00:00
ACC00180,CUST00094,SAVINGS,ACTIVE,2021-12-06,234492.94,BR003,2021-12-06 10:00:00
ACC00181,CUST00463,SAVINGS,ACTIVE,2024-04-29,332999.36,BR005,2024-04-29 10:00:00
ACC00182,CUST00207,SAVINGS,ACTIVE,2020-12-16,10257.22,BR001,2020-12-16 10:00:00
ACC00183,CUST00580,SAVINGS,ACTIVE,2017-10-19,28963.66,BR005,2017-10-19 10:00:00
ACC00184,CUST00194,SAVINGS,ACTIVE,2023-09-06,2819.25,BR005,2023-09-06 10:00:00
ACC00185,CUST00651,SAVINGS,INACTIVE,2023-10-01,429857.75,BR003,2023-10-01 10:00:00
ACC00186,CUST00355,SALARY,ACTIVE,2018-05-05,348590.42,BR004,2018-05-05 10:00:00
ACC00187,CUST00965,SAVINGS,INACTIVE,2021-05-19,111381.74,BR008,2021-05-19 10:00:00
ACC00188,CUST00932,SALARY,ACTIVE,2022-11-11,150784.33,BR002,2022-11-11 10:00:00
ACC00189,CUST00147,SALARY,INACTIVE,2023-03-23,64789.18,BR007,2023-03-23 10:00:00
ACC00190,CUST00370,CURRENT,ACTIVE,2024-01-30,230285.13,BR004,2024-01-30 10:00:00
ACC00191,CUST00265,SAVINGS,ACTIVE,2022-04-07,152278.48,BR002,2022-04-07 10:00:00
ACC00192,CUST00181,SAVINGS,INACTIVE,2024-03-15,274050.76,BR007,2024-03-15 10:00:00
ACC00193,CUST00295,CURRENT,ACTIVE,2016-02-19,229449.57,BR008,2016-02-19 10:00:00
ACC00194,CUST00084,CURRENT,ACTIVE,2024-03-29,1076082.8,BR008,2024-03-29 10:00:00
ACC00195,CUST00884,SAVINGS,ACTIVE,2023-04-01,231988.78,BR001,2023-04-01 10:00:00
ACC00196,CUST00287,SALARY,ACTIVE,2024-05-07,53502.03,BR005,2024-05-07 10:00:00
ACC00197,CUST00162,CURRENT,ACTIVE,2023-09-06,212730.42,BR005,2023-09-06 10:00:00
ACC00198,CUST00089,SAVINGS,ACTIVE,2017-09-27,202963.71,BR001,2017-09-27 10:00:00
ACC00199,CUST00440,SAVINGS,ACTIVE,2024-02-23,420001.02,BR002,2024-02-23 10:00:00
ACC00200,CUST00286,SAVINGS,ACTIVE,2022-11-14,55756.84,BR002,2022-11-14 10:00:00
ACC00201,CUST00694,CURRENT,ACTIVE,2020-09-21,1299863.33,BR002,2020-09-21 10:00:00
ACC00202,CUST00352,CURRENT,ACTIVE,2021-06-03,1059819.68,BR003,2021-06-03 10:00:00
ACC00203,CUST00430,SAVINGS,CLOSED,2022-03-15,113712.93,BR003,2022-03-15 10:00:00
ACC00204,CUST00107,SAVINGS,ACTIVE,2024-05-07,5709.27,BR008,2024-05-07 10:00:00
ACC00205,CUST00456,CURRENT,ACTIVE,2021-03-29,25052.67,BR002,2021-03-29 10:00:00
ACC00206,CUST00143,SAVINGS,ACTIVE,2018-09-21,238186.85,BR008,2018-09-21 10:00:00
ACC00207,CUST00912,SAVINGS,INACTIVE,2018-08-10,203767.27,BR003,2018-08-10 10:00:00
ACC00208,CUST00349,CURRENT,ACTIVE,2021-06-06,408900.5,BR008,2021-06-06 10:00:00
ACC00209,CUST00535,SALARY,ACTIVE,2020-12-04,55455.0,BR001,2020-12-04 10:00:00
ACC00210,CUST00169,SAVINGS,ACTIVE,2023-08-11,87460.81,BR004,2023-08-11 10:00:00
ACC00211,CUST00721,SAVINGS,ACTIVE,2023-11-28,52259.79,BR008,2023-11-28 10:00:00
ACC00212,CUST00335,SAVINGS,ACTIVE,2022-08-21,349582.22,BR002,2022-08-21 10:00:00
ACC00213,CUST00483,SAVINGS,ACTIVE,2021-03-20,16415.4,BR008,2021-03-20 10:00:00
ACC00214,CUST00532,SAVINGS,ACTIVE,2023-06-06,153123.88,BR008,2023-06-06 10:00:00
ACC00215,CUST00284,SAVINGS,INACTIVE,2024-01-05,235283.79,BR008,2024-01-05 10:00:00
ACC00216,CUST00654,SAVINGS,CLOSED,2024-03-16,251567.59,BR004,2024-03-16 10:00:00
ACC00217,CUST00622,SAVINGS,ACTIVE,2022-08-30,257739.96,BR003,2022-08-30 10:00:00
ACC00218,CUST00315,CURRENT,ACTIVE,2023-03-07,702735.57,BR003,2023-03-07 10:00:00
ACC00219,CUST00972,SAVINGS,ACTIVE,2022-12-06,461929.78,BR002,2022-12-06 10:00:00
ACC00220,CUST00497,SALARY,ACTIVE,2022-12-08,337081.48,BR003,2022-12-08 10:00:00
ACC00221,CUST00553,SAVINGS,INACTIVE,2023-12-24,131464.94,BR006,2023-12-24 10:00:00
ACC00222,CUST00504,SAVINGS,ACTIVE,2021-08-15,309693.82,BR007,2021-08-15 10:00:00
ACC00223,CUST00556,SAVINGS,ACTIVE,2021-11-24,117772.89,BR002,2021-11-24 10:00:00
ACC00224,CUST00076,SAVINGS,ACTIVE,2022-08-31,380554.87,BR004,2022-08-31 10:00:00
ACC00225,CUST00612,SAVINGS,INACTIVE,2022-12-23,378517.4,BR007,2022-12-23 10:00:00
ACC00226,CUST00257,SALARY,ACTIVE,2020-04-07,44493.46,BR002,2020-04-07 10:00:00
ACC00227,CUST00933,SAVINGS,ACTIVE,2022-09-22,420737.98,BR003,2022-09-22 10:00:00
ACC00228,CUST00579,SAVINGS,ACTIVE,2020-12-22,68775.28,BR004,2020-12-22 10:00:00
ACC00229,CUST00812,SAVINGS,ACTIVE,2022-10-01,144829.44,BR004,2022-10-01 10:00:00
ACC00230,CUST00309,CURRENT,ACTIVE,2023-09-19,1217791.52,BR004,2023-09-19 10:00:00
ACC00231,CUST00474,SAVINGS,ACTIVE,2023-10-28,50362.54,BR001,2023-10-28 10:00:00
ACC00232,CUST00637,CURRENT,INACTIVE,2019-09-15,1167218.87,BR002,2019-09-15 10:00:00
ACC00233,CUST00117,SAVINGS,ACTIVE,2024-05-21,364821.05,BR008,2024-05-21 10:00:00
ACC00234,CUST00675,SAVINGS,ACTIVE,2020-07-31,251673.02,BR006,2020-07-31 10:00:00
ACC00235,CUST00559,CURRENT,ACTIVE,2019-02-11,1207353.94,BR008,2019-02-11 10:00:00
ACC00236,CUST00010,SAVINGS,ACTIVE,2019-11-24,285653.33,BR003,2019-11-24 10:00:00
ACC00237,CUST00471,CURRENT,ACTIVE,2020-09-07,760600.56,BR001,2020-09-07 10:00:00
ACC00238,CUST00377,CURRENT,ACTIVE,2019-06-18,1236458.51,BR005,2019-06-18 10:00:00
ACC00239,CUST00879,SALARY,ACTIVE,2021-08-26,28443.72,BR003,2021-08-26 10:00:00
ACC00240,CUST00427,SALARY,ACTIVE,2023-04-14,88282.45,BR005,2023-04-14 10:00:00
ACC00241,CUST00327,SAVINGS,ACTIVE,2023-11-05,292429.32,BR005,2023-11-05 10:00:00
ACC00242,CUST00302,CURRENT,ACTIVE,2022-03-11,409799.63,BR006,2022-03-11 10:00:00
ACC00243,CUST00033,SALARY,ACTIVE,2022-09-09,193745.13,BR006,2022-09-09 10:00:00
ACC00244,CUST00743,SALARY,ACTIVE,2019-02-04,86287.93,BR002,2019-02-04 10:00:00
ACC00245,CUST00473,CURRENT,ACTIVE,2022-06-30,1062058.97,BR001,2022-06-30 10:00:00
ACC00246,CUST00070,SAVINGS,ACTIVE,2021-11-25,300078.45,BR002,2021-11-25 10:00:00
ACC00247,CUST00384,SALARY,ACTIVE,2019-08-03,98325.4,BR001,2019-08-03 10:00:00
ACC00248,CUST00314,SAVINGS,ACTIVE,2020-02-10,326042.64,BR007,2020-02-10 10:00:00
ACC00249,CUST00917,SAVINGS,ACTIVE,2022-11-19,13168.02,BR001,2022-11-19 10:00:00
ACC00250,CUST00406,SAVINGS,ACTIVE,2020-07-03,268257.47,BR007,2020-07-03 10:00:00
ACC00251,CUST00563,CURRENT,ACTIVE,2022-07-06,736205.67,BR007,2022-07-06 10:00:00
ACC00252,CUST00636,CURRENT,ACTIVE,2024-01-16,1059473.24,BR003,2024-01-16 10:00:00
ACC00253,CUST00337,SAVINGS,ACTIVE,2023-03-14,177515.08,BR006,2023-03-14 10:00:00
ACC00254,CUST00881,SAVINGS,ACTIVE,2018-09-02,48265.43,BR001,2018-09-02 10:00:00
ACC00255,CUST00213,SAVINGS,ACTIVE,2022-11-26,285104.18,BR001,2022-11-26 10:00:00
ACC00256,CUST00826,SALARY,ACTIVE,2020-11-08,31431.03,BR003,2020-11-08 10:00:00
ACC00257,CUST00924,SAVINGS,ACTIVE,2024-01-08,176459.56,BR004,2024-01-08 10:00:00
ACC00258,CUST00992,SALARY,ACTIVE,2022-12-08,170151.97,BR002,2022-12-08 10:00:00
ACC00259,CUST00204,CURRENT,ACTIVE,2023-05-21,328644.92,BR006,2023-05-21 10:00:00
ACC00260,CUST00348,SALARY,INACTIVE,2022-04-20,251031.18,BR006,2022-04-20 10:00:00
ACC00261,CUST00415,CURRENT,ACTIVE,2024-01-26,385203.54,BR005,2024-01-26 10:00:00
ACC00262,CUST00819,SAVINGS,ACTIVE,2019-01-03,29363.77,BR007,2019-01-03 10:00:00
ACC00263,CUST00853,CURRENT,ACTIVE,2020-05-20,140707.96,BR003,2020-05-20 10:00:00
ACC00264,CUST00297,CURRENT,ACTIVE,2022-07-24,1119315.27,BR004,2022-07-24 10:00:00
ACC00265,CUST00367,SAVINGS,ACTIVE,2024-04-26,73125.71,BR004,2024-04-26 10:00:00
ACC00266,CUST00999,CURRENT,ACTIVE,2023-04-08,1430741.33,BR001,2023-04-08 10:00:00
ACC00267,CUST00033,SAVINGS,ACTIVE,2023-02-07,295149.48,BR005,2023-02-07 10:00:00
ACC00268,CUST00726,CURRENT,ACTIVE,2021-10-07,1285497.0,BR007,2021-10-07 10:00:00
ACC00269,CUST00409,SAVINGS,INACTIVE,2022-04-14,223399.82,BR004,2022-04-14 10:00:00
ACC00270,CUST00384,SAVINGS,ACTIVE,2022-12-20,267414.74,BR005,2022-12-20 10:00:00
ACC00271,CUST00731,SAVINGS,ACTIVE,2015-05-21,455251.87,BR006,2015-05-21 10:00:00
ACC00272,CUST00450,SALARY,INACTIVE,2024-02-21,79707.73,BR001,2024-02-21 10:00:00
ACC00273,CUST00193,SAVINGS,ACTIVE,2023-05-28,433206.79,BR001,2023-05-28 10:00:00
ACC00274,CUST00449,CURRENT,ACTIVE,2024-02-07,448942.25,BR008,2024-02-07 10:00:00
ACC00275,CUST00230,SAVINGS,ACTIVE,2023-04-18,131900.1,BR007,2023-04-18 10:00:00
ACC00276,CUST00604,SAVINGS,CLOSED,2019-05-29,68106.67,BR001,2019-05-29 10:00:00
ACC00277,CUST00178,SAVINGS,ACTIVE,2020-10-03,45054.59,BR004,2020-10-03 10:00:00
ACC00278,CUST00429,CURRENT,ACTIVE,2022-10-17,607036.78,BR005,2022-10-17 10:00:00
ACC00279,CUST00863,SAVINGS,ACTIVE,2024-05-05,327382.98,BR001,2024-05-05 10:00:00
ACC00280,CUST00200,SAVINGS,ACTIVE,2023-07-03,418409.9,BR003,2023-07-03 10:00:00
ACC00281,CUST00441,SAVINGS,ACTIVE,2020-08-29,234553.65,BR006,2020-08-29 10:00:00
ACC00282,CUST00939,SAVINGS,ACTIVE,2021-11-29,205783.92,BR002,2021-11-29 10:00:00
ACC00283,CUST00628,SAVINGS,ACTIVE,2021-03-28,476763.41,BR008,2021-03-28 10:00:00
ACC00284,CUST00610,SAVINGS,ACTIVE,2023-02-15,131621.55,BR008,2023-02-15 10:00:00
ACC00285,CUST00104,SAVINGS,ACTIVE,2021-04-04,435941.49,BR001,2021-04-04 10:00:00
ACC00286,CUST00597,SAVINGS,ACTIVE,2022-12-28,343009.59,BR008,2022-12-28 10:00:00
ACC00287,CUST00155,SAVINGS,ACTIVE,2023-09-24,115906.33,BR005,2023-09-24 10:00:00
ACC00288,CUST00482,SALARY,ACTIVE,2023-04-12,191452.27,BR001,2023-04-12 10:00:00
ACC00289,CUST00805,CURRENT,ACTIVE,2017-08-05,772733.46,BR002,2017-08-05 10:00:00
ACC00290,CUST00039,SAVINGS,ACTIVE,2023-01-09,286257.03,BR007,2023-01-09 10:00:00
ACC00291,CUST00051,SAVINGS,ACTIVE,2023-04-09,73682.04,BR006,2023-04-09 10:00:00
ACC00292,CUST00008,CURRENT,ACTIVE,2023-10-22,1348653.53,BR006,2023-10-22 10:00:00
ACC00293,CUST00442,SAVINGS,CLOSED,2024-03-21,18000.81,BR006,2024-03-21 10:00:00
ACC00294,CUST00464,SAVINGS,INACTIVE,2023-09-23,15203.8,BR004,2023-09-23 10:00:00
ACC00295,CUST00022,CURRENT,ACTIVE,2024-05-27,1180614.04,BR006,2024-05-27 10:00:00
ACC00296,CUST00911,SALARY,ACTIVE,2023-08-27,16246.84,BR003,2023-08-27 10:00:00
ACC00297,CUST00859,SAVINGS,CLOSED,2017-02-18,477701.73,BR004,2017-02-18 10:00:00
ACC00298,CUST00462,SAVINGS,CLOSED,2024-02-13,275245.93,BR007,2024-02-13 10:00:00
ACC00299,CUST00045,SAVINGS,ACTIVE,2021-05-08,399607.26,BR008,2021-05-08 10:00:00
ACC00300,CUST00197,CURRENT,ACTIVE,2019-09-15,422044.51,BR005,2019-09-15 10:00:00
ACC00301,CUST00300,SALARY,ACTIVE,2022-06-02,84657.29,BR006,2022-06-02 10:00:00
ACC00302,CUST00975,CURRENT,ACTIVE,2023-04-22,681386.04,BR007,2023-04-22 10:00:00
ACC00303,CUST00142,SAVINGS,ACTIVE,2023-10-14,40530.77,BR006,2023-10-14 10:00:00
ACC00304,CUST00736,CURRENT,ACTIVE,2023-02-21,1184798.61,BR004,2023-02-21 10:00:00
ACC00305,CUST00600,SAVINGS,ACTIVE,2017-01-28,463044.18,BR004,2017-01-28 10:00:00
ACC00306,CUST00888,CURRENT,ACTIVE,2022-11-10,1007206.41,BR005,2022-11-10 10:00:00
ACC00307,CUST00768,CURRENT,ACTIVE,2022-02-05,145221.29,BR007,2022-02-05 10:00:00
ACC00308,CUST00841,SAVINGS,ACTIVE,2021-08-19,317233.31,BR004,2021-08-19 10:00:00
ACC00309,CUST00462,SALARY,INACTIVE,2017-03-23,62535.98,BR007,2017-03-23 10:00:00
ACC00310,CUST00991,SAVINGS,ACTIVE,2024-03-23,372069.86,BR003,2024-03-23 10:00:00
ACC00311,CUST00067,SALARY,ACTIVE,2020-04-24,243066.06,BR002,2020-04-24 10:00:00
ACC00312,CUST00598,SAVINGS,INACTIVE,2024-03-06,452369.55,BR006,2024-03-06 10:00:00
ACC00313,CUST00420,SAVINGS,ACTIVE,2021-09-06,356711.8,BR002,2021-09-06 10:00:00
ACC00314,CUST00592,SAVINGS,ACTIVE,2022-02-01,296760.31,BR002,2022-02-01 10:00:00
ACC00315,CUST00398,SALARY,ACTIVE,2023-07-05,332722.07,BR007,2023-07-05 10:00:00
ACC00316,CUST00302,CURRENT,ACTIVE,2022-04-09,451704.43,BR008,2022-04-09 10:00:00
ACC00317,CUST00172,CURRENT,ACTIVE,2024-05-22,148589.5,BR001,2024-05-22 10:00:00
ACC00318,CUST00414,SAVINGS,ACTIVE,2023-09-11,228129.76,BR006,2023-09-11 10:00:00
ACC00319,CUST00468,SAVINGS,ACTIVE,2024-03-26,141451.54,BR002,2024-03-26 10:00:00
ACC00320,CUST00436,SAVINGS,ACTIVE,2019-10-22,283155.34,BR007,2019-10-22 10:00:00
ACC00321,CUST00095,SAVINGS,ACTIVE,2023-10-18,91261.87,BR003,2023-10-18 10:00:00
ACC00322,CUST00560,SAVINGS,INACTIVE,2023-03-03,216692.48,BR005,2023-03-03 10:00:00
ACC00323,CUST00511,SAVINGS,ACTIVE,2021-09-20,175304.44,BR003,2021-09-20 10:00:00
ACC00324,CUST00583,SAVINGS,ACTIVE,2023-05-17,113757.6,BR003,2023-05-17 10:00:00
ACC00325,CUST00339,SAVINGS,INACTIVE,2024-01-24,377350.73,BR004,2024-01-24 10:00:00
ACC00326,CUST00242,CURRENT,ACTIVE,2022-10-27,839441.08,BR003,2022-10-27 10:00:00
ACC00327,CUST00613,SAVINGS,INACTIVE,2023-11-04,270113.17,BR004,2023-11-04 10:00:00
ACC00328,CUST00109,SAVINGS,ACTIVE,2020-07-28,186346.43,BR005,2020-07-28 10:00:00
ACC00329,CUST00551,SALARY,ACTIVE,2022-07-11,184708.39,BR008,2022-07-11 10:00:00
ACC00330,CUST00727,SAVINGS,ACTIVE,2019-04-16,223591.52,BR007,2019-04-16 10:00:00
ACC00331,CUST00746,SAVINGS,ACTIVE,2018-09-12,496555.93,BR002,2018-09-12 10:00:00
ACC00332,CUST00462,SALARY,ACTIVE,2019-07-19,255939.75,BR006,2019-07-19 10:00:00
ACC00333,CUST00339,SAVINGS,ACTIVE,2022-05-09,316235.41,BR002,2022-05-09 10:00:00
ACC00334,CUST00335,CURRENT,ACTIVE,2020-09-08,664232.0,BR006,2020-09-08 10:00:00
ACC00335,CUST00727,SAVINGS,ACTIVE,2018-05-05,474718.32,BR001,2018-05-05 10:00:00
ACC00336,CUST00039,SAVINGS,ACTIVE,2022-09-23,337490.45,BR005,2022-09-23 10:00:00
ACC00337,CUST00907,SAVINGS,ACTIVE,2019-03-05,367446.44,BR005,2019-03-05 10:00:00
ACC00338,CUST00555,SAVINGS,ACTIVE,2019-10-15,475539.3,BR004,2019-10-15 10:00:00
ACC00339,CUST00807,SAVINGS,ACTIVE,2023-07-08,306580.55,BR003,2023-07-08 10:00:00
ACC00340,CUST00394,SAVINGS,ACTIVE,2023-05-04,191694.39,BR004,2023-05-04 10:00:00
ACC00341,CUST00482,CURRENT,ACTIVE,2024-02-17,1432644.45,BR005,2024-02-17 10:00:00
ACC00342,CUST00428,CURRENT,INACTIVE,2024-04-26,740463.43,BR007,2024-04-26 10:00:00
ACC00343,CUST00156,SAVINGS,ACTIVE,2019-08-29,50525.28,BR002,2019-08-29 10:00:00
ACC00344,CUST00684,SALARY,INACTIVE,2024-05-08,104108.62,BR008,2024-05-08 10:00:00
ACC00345,CUST00330,SAVINGS,ACTIVE,2022-03-26,90156.73,BR006,2022-03-26 10:00:00
ACC00346,CUST00443,CURRENT,ACTIVE,2023-03-11,1064607.73,BR008,2023-03-11 10:00:00
ACC00347,CUST00397,CURRENT,INACTIVE,2023-04-26,632704.31,BR004,2023-04-26 10:00:00
ACC00348,CUST00032,SAVINGS,ACTIVE,2018-10-04,445180.78,BR007,2018-10-04 10:00:00
ACC00349,CUST00408,SAVINGS,ACTIVE,2021-03-16,338307.05,BR007,2021-03-16 10:00:00
ACC00350,CUST00998,SAVINGS,ACTIVE,2022-04-30,132197.94,BR001,2022-04-30 10:00:00
ACC00351,CUST00750,SAVINGS,ACTIVE,2020-09-27,319042.43,BR001,2020-09-27 10:00:00
ACC00352,CUST00114,SAVINGS,ACTIVE,2023-09-07,438121.93,BR004,2023-09-07 10:00:00
ACC00353,CUST00210,CURRENT,ACTIVE,2024-03-29,925858.32,BR003,2024-03-29 10:00:00
ACC00354,CUST00193,CURRENT,ACTIVE,2018-10-10,1208558.99,BR002,2018-10-10 10:00:00
ACC00355,CUST00926,CURRENT,ACTIVE,2020-02-19,1156092.02,BR002,2020-02-19 10:00:00
ACC00356,CUST00269,CURRENT,ACTIVE,2023-05-03,814822.18,BR003,2023-05-03 10:00:00
ACC00357,CUST00758,CURRENT,ACTIVE,2023-09-21,363268.34,BR003,2023-09-21 10:00:00
ACC00358,CUST00780,SALARY,ACTIVE,2020-02-29,195768.15,BR004,2020-02-29 10:00:00
ACC00359,CUST00483,SALARY,ACTIVE,2020-07-01,265517.03,BR002,2020-07-01 10:00:00
ACC00360,CUST00047,SAVINGS,ACTIVE,2020-12-12,80580.39,BR005,2020-12-12 10:00:00
ACC00361,CUST00103,SAVINGS,ACTIVE,2023-10-25,125536.1,BR005,2023-10-25 10:00:00
ACC00362,CUST00316,CURRENT,ACTIVE,2019-07-25,991532.04,BR003,2019-07-25 10:00:00
ACC00363,CUST01000,CURRENT,INACTIVE,2023-11-26,150252.03,BR002,2023-11-26 10:00:00
ACC00364,CUST00208,SAVINGS,ACTIVE,2021-02-10,12526.7,BR003,2021-02-10 10:00:00
ACC00365,CUST00075,SAVINGS,ACTIVE,2020-07-27,99156.33,BR005,2020-07-27 10:00:00
ACC00366,CUST00872,CURRENT,ACTIVE,2024-04-14,59562.13,BR005,2024-04-14 10:00:00
ACC00367,CUST00901,SAVINGS,ACTIVE,2023-11-24,289160.09,BR007,2023-11-24 10:00:00
ACC00368,CUST00842,SAVINGS,ACTIVE,2023-05-29,281595.64,BR008,2023-05-29 10:00:00
ACC00369,CUST00272,SAVINGS,ACTIVE,2024-05-31,124195.48,BR001,2024-05-31 10:00:00
ACC00370,CUST00963,SALARY,ACTIVE,2022-03-13,268131.63,BR002,2022-03-13 10:00:00
ACC00371,CUST00062,SAVINGS,ACTIVE,2017-11-14,200180.94,BR004,2017-11-14 10:00:00
ACC00372,CUST00700,SAVINGS,ACTIVE,2020-02-08,322302.24,BR006,2020-02-08 10:00:00
ACC00373,CUST00554,SAVINGS,ACTIVE,2023-10-24,49956.04,BR003,2023-10-24 10:00:00
ACC00374,CUST00325,SAVINGS,INACTIVE,2023-07-13,126859.61,BR003,2023-07-13 10:00:00
ACC00375,CUST00323,SAVINGS,ACTIVE,2024-05-24,362208.63,BR004,2024-05-24 10:00:00
ACC00376,CUST00645,SAVINGS,ACTIVE,2022-12-10,157448.84,BR006,2022-12-10 10:00:00
ACC00377,CUST00913,CURRENT,ACTIVE,2023-11-04,1310356.18,BR005,2023-11-04 10:00:00
ACC00378,CUST00763,CURRENT,ACTIVE,2024-01-24,829743.38,BR006,2024-01-24 10:00:00
ACC00379,CUST00530,SALARY,ACTIVE,2023-05-02,249559.52,BR002,2023-05-02 10:00:00
ACC00380,CUST00827,SALARY,ACTIVE,2020-01-01,134611.69,BR001,2020-01-01 10:00:00
ACC00381,CUST00903,SAVINGS,ACTIVE,2017-09-20,100690.39,BR002,2017-09-20 10:00:00
ACC00382,CUST00403,SAVINGS,ACTIVE,2017-10-03,314017.04,BR008,2017-10-03 10:00:00
ACC00383,CUST00692,SAVINGS,INACTIVE,2024-01-27,201204.32,BR005,2024-01-27 10:00:00
ACC00384,CUST00240,SAVINGS,CLOSED,2024-03-12,461180.18,BR005,2024-03-12 10:00:00
ACC00385,CUST00176,SAVINGS,ACTIVE,2020-08-20,282995.67,BR003,2020-08-20 10:00:00
ACC00386,CUST00384,SAVINGS,ACTIVE,2020-06-05,401899.83,BR006,2020-06-05 10:00:00
ACC00387,CUST00937,SAVINGS,ACTIVE,2023-10-13,107282.02,BR006,2023-10-13 10:00:00
ACC00388,CUST00454,SALARY,ACTIVE,2017-08-25,61662.18,BR008,2017-08-25 10:00:00
ACC00389,CUST00072,SAVINGS,ACTIVE,2017-11-23,236570.48,BR001,2017-11-23 10:00:00
ACC00390,CUST00474,SAVINGS,ACTIVE,2023-12-19,49189.3,BR008,2023-12-19 10:00:00
ACC00391,CUST00916,SAVINGS,ACTIVE,2023-10-18,298241.09,BR002,2023-10-18 10:00:00
ACC00392,CUST00525,SAVINGS,ACTIVE,2020-06-26,174116.33,BR001,2020-06-26 10:00:00
ACC00393,CUST00548,SALARY,ACTIVE,2024-05-14,319471.2,BR007,2024-05-14 10:00:00
ACC00394,CUST00892,SAVINGS,ACTIVE,2022-09-16,467318.19,BR004,2022-09-16 10:00:00
ACC00395,CUST00391,SAVINGS,ACTIVE,2022-02-12,141792.8,BR005,2022-02-12 10:00:00
ACC00396,CUST00163,SAVINGS,ACTIVE,2023-03-21,294690.24,BR007,2023-03-21 10:00:00
ACC00397,CUST00704,SAVINGS,ACTIVE,2023-11-11,303375.67,BR008,2023-11-11 10:00:00
ACC00398,CUST00374,SAVINGS,ACTIVE,2021-05-04,494570.89,BR002,2021-05-04 10:00:00
ACC00399,CUST00735,SALARY,ACTIVE,2017-06-16,61862.34,BR001,2017-06-16 10:00:00
ACC00400,CUST00984,SAVINGS,INACTIVE,2016-04-15,70645.03,BR008,2016-04-15 10:00:00
ACC00401,CUST00619,SAVINGS,ACTIVE,2024-01-28,251436.61,BR002,2024-01-28 10:00:00
ACC00402,CUST00622,SAVINGS,ACTIVE,2022-08-20,353856.68,BR006,2022-08-20 10:00:00
ACC00403,CUST00390,SAVINGS,ACTIVE,2024-01-20,41404.33,BR004,2024-01-20 10:00:00
ACC00404,CUST00043,SALARY,INACTIVE,2024-03-25,100819.18,BR003,2024-03-25 10:00:00
ACC00405,CUST00249,CURRENT,ACTIVE,2023-10-16,1050272.14,BR005,2023-10-16 10:00:00
ACC00406,CUST00145,CURRENT,ACTIVE,2022-04-13,986835.88,BR003,2022-04-13 10:00:00
ACC00407,CUST00896,SAVINGS,ACTIVE,2023-02-02,385945.53,BR006,2023-02-02 10:00:00
ACC00408,CUST00138,CURRENT,ACTIVE,2024-04-01,1317534.88,BR004,2024-04-01 10:00:00
ACC00409,CUST00990,SAVINGS,ACTIVE,2023-12-03,99928.45,BR006,2023-12-03 10:00:00
ACC00410,CUST00005,SAVINGS,ACTIVE,2023-08-13,165904.64,BR006,2023-08-13 10:00:00
ACC00411,CUST00378,SALARY,ACTIVE,2016-04-15,214337.17,BR001,2016-04-15 10:00:00
ACC00412,CUST00520,CURRENT,ACTIVE,2022-11-11,89778.15,BR005,2022-11-11 10:00:00
ACC00413,CUST00487,SAVINGS,ACTIVE,2024-03-12,412104.54,BR008,2024-03-12 10:00:00
ACC00414,CUST00749,SALARY,ACTIVE,2023-12-08,64950.98,BR002,2023-12-08 10:00:00
ACC00415,CUST00348,SAVINGS,ACTIVE,2023-10-24,78712.9,BR003,2023-10-24 10:00:00
ACC00416,CUST00672,SALARY,ACTIVE,2023-10-08,292752.23,BR002,2023-10-08 10:00:00
ACC00417,CUST00855,SAVINGS,ACTIVE,2018-05-16,158832.68,BR005,2018-05-16 10:00:00
ACC00418,CUST00351,SALARY,ACTIVE,2023-05-19,259421.5,BR006,2023-05-19 10:00:00
ACC00419,CUST00240,CURRENT,ACTIVE,2019-09-03,1349161.3,BR003,2019-09-03 10:00:00
ACC00420,CUST00728,SALARY,ACTIVE,2023-09-08,183137.46,BR007,2023-09-08 10:00:00
ACC00421,CUST00577,SAVINGS,ACTIVE,2018-04-27,34815.06,BR003,2018-04-27 10:00:00
ACC00422,CUST00964,CURRENT,ACTIVE,2020-11-29,90649.93,BR004,2020-11-29 10:00:00
ACC00423,CUST00588,CURRENT,ACTIVE,2023-03-12,1126571.93,BR001,2023-03-12 10:00:00
ACC00424,CUST00065,SAVINGS,ACTIVE,2019-05-19,172372.61,BR002,2019-05-19 10:00:00
ACC00425,CUST00396,SAVINGS,ACTIVE,2022-01-28,459210.52,BR003,2022-01-28 10:00:00
ACC00426,CUST00088,CURRENT,ACTIVE,2021-08-01,1155915.79,BR001,2021-08-01 10:00:00
ACC00427,CUST00013,SAVINGS,ACTIVE,2022-04-07,438906.2,BR004,2022-04-07 10:00:00
ACC00428,CUST00465,SAVINGS,ACTIVE,2024-06-01,432631.49,BR003,2024-06-01 10:00:00
ACC00429,CUST00686,SAVINGS,ACTIVE,2019-12-12,91057.01,BR003,2019-12-12 10:00:00
ACC00430,CUST00922,SAVINGS,ACTIVE,2023-09-15,96152.03,BR004,2023-09-15 10:00:00
ACC00431,CUST00423,SAVINGS,ACTIVE,2023-02-07,221200.17,BR002,2023-02-07 10:00:00
ACC00432,CUST00432,SAVINGS,ACTIVE,2022-09-10,386754.35,BR008,2022-09-10 10:00:00
ACC00433,CUST00449,CURRENT,ACTIVE,2018-05-31,79178.36,BR007,2018-05-31 10:00:00
ACC00434,CUST00658,SAVINGS,ACTIVE,2024-01-02,218342.07,BR005,2024-01-02 10:00:00
ACC00435,CUST00257,SAVINGS,ACTIVE,2021-09-08,276926.58,BR005,2021-09-08 10:00:00
ACC00436,CUST00205,SAVINGS,ACTIVE,2023-09-21,111081.82,BR005,2023-09-21 10:00:00
ACC00437,CUST00184,SAVINGS,ACTIVE,2020-04-22,238916.88,BR008,2020-04-22 10:00:00
ACC00438,CUST00944,SAVINGS,ACTIVE,2022-09-17,330006.64,BR001,2022-09-17 10:00:00
ACC00439,CUST00845,SAVINGS,ACTIVE,2020-02-13,434991.23,BR001,2020-02-13 10:00:00
ACC00440,CUST00924,SAVINGS,ACTIVE,2024-01-14,324820.95,BR002,2024-01-14 10:00:00
ACC00441,CUST00708,SAVINGS,ACTIVE,2023-05-05,234753.51,BR003,2023-05-05 10:00:00
ACC00442,CUST00366,CURRENT,ACTIVE,2024-02-29,698257.37,BR007,2024-02-29 10:00:00
ACC00443,CUST00043,CURRENT,ACTIVE,2020-12-02,397547.79,BR006,2020-12-02 10:00:00
ACC00444,CUST00699,CURRENT,ACTIVE,2021-10-18,467755.61,BR004,2021-10-18 10:00:00
ACC00445,CUST00859,CURRENT,INACTIVE,2021-12-09,184086.59,BR007,2021-12-09 10:00:00
ACC00446,CUST00834,CURRENT,CLOSED,2021-07-15,899787.17,BR003,2021-07-15 10:00:00
ACC00447,CUST00334,SAVINGS,INACTIVE,2022-12-28,482704.72,BR004,2022-12-28 10:00:00
ACC00448,CUST00586,SALARY,ACTIVE,2020-09-06,49812.34,BR006,2020-09-06 10:00:00
ACC00449,CUST00968,CURRENT,ACTIVE,2019-12-10,481178.47,BR003,2019-12-10 10:00:00
ACC00450,CUST00729,CURRENT,ACTIVE,2019-11-20,704366.89,BR003,2019-11-20 10:00:00
ACC00451,CUST00233,SAVINGS,ACTIVE,2022-02-01,42486.7,BR004,2022-02-01 10:00:00
ACC00452,CUST00473,SALARY,ACTIVE,2023-02-19,89432.72,BR006,2023-02-19 10:00:00
ACC00453,CUST00466,SAVINGS,ACTIVE,2016-10-30,236723.35,BR007,2016-10-30 10:00:00
ACC00454,CUST00338,CURRENT,INACTIVE,2024-04-04,580030.08,BR008,2024-04-04 10:00:00
ACC00455,CUST00249,CURRENT,ACTIVE,2023-03-29,596671.52,BR006,2023-03-29 10:00:00
ACC00456,CUST00017,CURRENT,ACTIVE,2023-11-21,507489.96,BR005,2023-11-21 10:00:00
ACC00457,CUST00584,CURRENT,ACTIVE,2021-03-27,905484.84,BR002,2021-03-27 10:00:00
ACC00458,CUST00566,SAVINGS,ACTIVE,2023-11-18,15880.89,BR003,2023-11-18 10:00:00
ACC00459,CUST00892,CURRENT,ACTIVE,2021-12-31,764647.5,BR001,2021-12-31 10:00:00
ACC00460,CUST00723,CURRENT,ACTIVE,2024-06-01,138972.71,BR004,2024-06-01 10:00:00
ACC00461,CUST00069,SAVINGS,ACTIVE,2022-03-26,152714.11,BR002,2022-03-26 10:00:00
ACC00462,CUST00792,SAVINGS,ACTIVE,2023-02-26,77496.92,BR005,2023-02-26 10:00:00
ACC00463,CUST00719,SAVINGS,ACTIVE,2023-12-22,132357.2,BR007,2023-12-22 10:00:00
ACC00464,CUST00640,SAVINGS,ACTIVE,2023-07-07,417530.67,BR008,2023-07-07 10:00:00
ACC00465,CUST00057,CURRENT,ACTIVE,2018-11-15,992406.19,BR007,2018-11-15 10:00:00
ACC00466,CUST00739,CURRENT,ACTIVE,2018-12-19,214890.78,BR007,2018-12-19 10:00:00
ACC00467,CUST00513,CURRENT,ACTIVE,2023-09-20,1440883.55,BR007,2023-09-20 10:00:00
ACC00468,CUST00446,SAVINGS,ACTIVE,2023-05-18,131177.9,BR002,2023-05-18 10:00:00
ACC00469,CUST00900,CURRENT,ACTIVE,2022-04-20,765540.84,BR008,2022-04-20 10:00:00
ACC00470,CUST00941,CURRENT,ACTIVE,2023-10-12,189716.41,BR003,2023-10-12 10:00:00
ACC00471,CUST00476,SALARY,ACTIVE,2021-06-30,305258.43,BR002,2021-06-30 10:00:00
ACC00472,CUST00239,SAVINGS,ACTIVE,2023-11-20,296101.13,BR004,2023-11-20 10:00:00
ACC00473,CUST00544,SAVINGS,ACTIVE,2021-11-30,218856.8,BR008,2021-11-30 10:00:00
ACC00474,CUST00182,SAVINGS,ACTIVE,2021-08-30,231474.73,BR001,2021-08-30 10:00:00
ACC00475,CUST00072,SALARY,ACTIVE,2019-01-15,151867.38,BR005,2019-01-15 10:00:00
ACC00476,CUST00083,CURRENT,ACTIVE,2020-10-24,288624.07,BR006,2020-10-24 10:00:00
ACC00477,CUST00818,SAVINGS,ACTIVE,2018-10-25,318901.39,BR002,2018-10-25 10:00:00
ACC00478,CUST00836,SAVINGS,ACTIVE,2023-05-08,126191.79,BR002,2023-05-08 10:00:00
ACC00479,CUST00443,SAVINGS,ACTIVE,2022-06-25,317377.71,BR007,2022-06-25 10:00:00
ACC00480,CUST00962,SALARY,ACTIVE,2020-10-25,242702.23,BR004,2020-10-25 10:00:00
ACC00481,CUST00443,SALARY,INACTIVE,2024-02-17,288067.55,BR008,2024-02-17 10:00:00
ACC00482,CUST00716,SAVINGS,ACTIVE,2023-04-03,75508.35,BR002,2023-04-03 10:00:00
ACC00483,CUST00676,SAVINGS,CLOSED,2019-05-13,170541.94,BR005,2019-05-13 10:00:00
ACC00484,CUST00633,SAVINGS,ACTIVE,2023-05-29,361492.99,BR002,2023-05-29 10:00:00
ACC00485,CUST00655,CURRENT,ACTIVE,2020-09-18,1195626.07,BR005,2020-09-18 10:00:00
ACC00486,CUST00457,SALARY,ACTIVE,2023-08-04,299714.06,BR004,2023-08-04 10:00:00
ACC00487,CUST00220,CURRENT,ACTIVE,2023-11-21,722554.64,BR007,2023-11-21 10:00:00
ACC00488,CUST00187,SAVINGS,ACTIVE,2022-03-19,140234.77,BR001,2022-03-19 10:00:00
ACC00489,CUST00154,CURRENT,INACTIVE,2021-05-16,427202.12,BR007,2021-05-16 10:00:00
ACC00490,CUST00192,SAVINGS,ACTIVE,2023-12-13,67059.05,BR005,2023-12-13 10:00:00
ACC00491,CUST00203,SAVINGS,ACTIVE,2024-02-21,160784.3,BR004,2024-02-21 10:00:00
ACC00492,CUST00241,SAVINGS,ACTIVE,2022-12-10,34201.92,BR005,2022-12-10 10:00:00
ACC00493,CUST00932,CURRENT,ACTIVE,2023-09-11,892173.39,BR006,2023-09-11 10:00:00
ACC00494,CUST00801,SAVINGS,ACTIVE,2021-08-27,173117.98,BR006,2021-08-27 10:00:00
ACC00495,CUST00758,SAVINGS,ACTIVE,2022-04-15,427542.1,BR008,2022-04-15 10:00:00
ACC00496,CUST00808,SAVINGS,ACTIVE,2024-02-29,196555.47,BR007,2024-02-29 10:00:00
ACC00497,CUST00761,SAVINGS,INACTIVE,2020-04-24,316613.57,BR006,2020-04-24 10:00:00
ACC00498,CUST00596,SAVINGS,ACTIVE,2023-11-28,186172.75,BR005,2023-11-28 10:00:00
ACC00499,CUST00250,CURRENT,ACTIVE,2023-09-06,68607.74,BR003,2023-09-06 10:00:00
ACC00500,CUST00698,CURRENT,ACTIVE,2020-12-03,1493843.11,BR001,2020-12-03 10:00:00
ACC00501,CUST00064,CURRENT,ACTIVE,2023-05-30,748866.39,BR004,2023-05-30 10:00:00
ACC00502,CUST00536,SAVINGS,ACTIVE,2020-09-14,304543.07,BR002,2020-09-14 10:00:00
ACC00503,CUST00824,SAVINGS,ACTIVE,2020-05-17,286445.65,BR003,2020-05-17 10:00:00
ACC00504,CUST00461,SALARY,ACTIVE,2023-07-25,194774.27,BR006,2023-07-25 10:00:00
ACC00505,CUST00264,CURRENT,ACTIVE,2024-02-26,436347.59,BR006,2024-02-26 10:00:00
ACC00506,CUST00271,CURRENT,ACTIVE,2023-01-29,1441353.12,BR006,2023-01-29 10:00:00
ACC00507,CUST00560,SAVINGS,ACTIVE,2023-03-18,429880.65,BR008,2023-03-18 10:00:00
ACC00508,CUST00857,CURRENT,ACTIVE,2024-03-03,256527.51,BR003,2024-03-03 10:00:00
ACC00509,CUST00342,SAVINGS,ACTIVE,2022-03-22,382060.11,BR003,2022-03-22 10:00:00
ACC00510,CUST00717,CURRENT,ACTIVE,2023-09-13,988328.76,BR007,2023-09-13 10:00:00
ACC00511,CUST00052,SAVINGS,ACTIVE,2024-03-10,114035.82,BR002,2024-03-10 10:00:00
ACC00512,CUST00715,SAVINGS,ACTIVE,2015-09-06,164197.6,BR004,2015-09-06 10:00:00
ACC00513,CUST00364,SAVINGS,ACTIVE,2022-10-21,476043.43,BR001,2022-10-21 10:00:00
ACC00514,CUST00805,CURRENT,INACTIVE,2024-01-23,599275.59,BR004,2024-01-23 10:00:00
ACC00515,CUST00191,SALARY,ACTIVE,2021-01-07,254455.74,BR004,2021-01-07 10:00:00
ACC00516,CUST00359,SAVINGS,INACTIVE,2020-12-30,163055.29,BR005,2020-12-30 10:00:00
ACC00517,CUST00789,SAVINGS,ACTIVE,2023-04-12,231936.84,BR004,2023-04-12 10:00:00
ACC00518,CUST00770,CURRENT,ACTIVE,2021-02-26,1200211.5,BR008,2021-02-26 10:00:00
ACC00519,CUST00206,SAVINGS,ACTIVE,2023-07-17,419343.04,BR003,2023-07-17 10:00:00
ACC00520,CUST00752,SAVINGS,ACTIVE,2017-02-19,5924.45,BR001,2017-02-19 10:00:00
ACC00521,CUST00734,CURRENT,ACTIVE,2022-04-14,1493413.46,BR007,2022-04-14 10:00:00
ACC00522,CUST00101,SAVINGS,ACTIVE,2018-04-30,441970.13,BR002,2018-04-30 10:00:00
ACC00523,CUST00284,CURRENT,ACTIVE,2024-04-15,1079277.22,BR008,2024-04-15 10:00:00
ACC00524,CUST00908,SAVINGS,ACTIVE,2019-08-04,406302.04,BR001,2019-08-04 10:00:00
ACC00525,CUST00583,SAVINGS,ACTIVE,2024-03-10,315560.93,BR008,2024-03-10 10:00:00
ACC00526,CUST00948,SAVINGS,ACTIVE,2020-01-14,423917.52,BR002,2020-01-14 10:00:00
ACC00527,CUST00837,CURRENT,ACTIVE,2023-08-23,526256.07,BR004,2023-08-23 10:00:00
ACC00528,CUST00567,CURRENT,ACTIVE,2018-02-07,511787.89,BR002,2018-02-07 10:00:00
ACC00529,CUST00572,SAVINGS,ACTIVE,2023-11-25,124252.4,BR005,2023-11-25 10:00:00
ACC00530,CUST00902,SAVINGS,ACTIVE,2020-05-16,394218.54,BR005,2020-05-16 10:00:00
ACC00531,CUST00223,SAVINGS,ACTIVE,2019-07-15,76141.93,BR005,2019-07-15 10:00:00
ACC00532,CUST00791,SAVINGS,INACTIVE,2023-12-12,357617.06,BR005,2023-12-12 10:00:00
ACC00533,CUST00003,SALARY,ACTIVE,2023-04-26,168973.27,BR008,2023-04-26 10:00:00
ACC00534,CUST00219,CURRENT,ACTIVE,2023-05-13,214615.8,BR005,2023-05-13 10:00:00
ACC00535,CUST00272,SALARY,ACTIVE,2021-04-15,14661.62,BR004,2021-04-15 10:00:00
ACC00536,CUST00618,SAVINGS,ACTIVE,2015-04-26,131562.03,BR007,2015-04-26 10:00:00
ACC00537,CUST00898,SAVINGS,INACTIVE,2022-09-24,322816.13,BR006,2022-09-24 10:00:00
ACC00538,CUST00793,SAVINGS,ACTIVE,2020-06-27,325067.31,BR008,2020-06-27 10:00:00
ACC00539,CUST00298,SAVINGS,INACTIVE,2021-05-09,335200.55,BR002,2021-05-09 10:00:00
ACC00540,CUST00775,SAVINGS,ACTIVE,2023-12-20,77169.04,BR002,2023-12-20 10:00:00
ACC00541,CUST00978,CURRENT,ACTIVE,2023-12-06,864876.79,BR001,2023-12-06 10:00:00
ACC00542,CUST00158,CURRENT,ACTIVE,2024-05-21,1349748.64,BR004,2024-05-21 10:00:00
ACC00543,CUST00116,SAVINGS,ACTIVE,2023-05-05,51672.91,BR006,2023-05-05 10:00:00
ACC00544,CUST00383,SAVINGS,ACTIVE,2023-06-11,423686.3,BR002,2023-06-11 10:00:00
ACC00545,CUST00630,SALARY,ACTIVE,2024-05-04,185417.33,BR004,2024-05-04 10:00:00
ACC00546,CUST00673,SAVINGS,ACTIVE,2022-04-07,116099.12,BR008,2022-04-07 10:00:00
ACC00547,CUST00508,SAVINGS,CLOSED,2018-01-13,277107.89,BR002,2018-01-13 10:00:00
ACC00548,CUST00707,CURRENT,ACTIVE,2021-11-21,1361557.93,BR003,2021-11-21 10:00:00
ACC00549,CUST00202,SAVINGS,ACTIVE,2022-09-17,123860.45,BR008,2022-09-17 10:00:00
ACC00550,CUST00924,SAVINGS,ACTIVE,2024-05-07,27913.69,BR002,2024-05-07 10:00:00
ACC00551,CUST00531,SAVINGS,ACTIVE,2021-12-14,239327.81,BR002,2021-12-14 10:00:00
ACC00552,CUST00137,SAVINGS,ACTIVE,2023-10-11,151730.58,BR001,2023-10-11 10:00:00
ACC00553,CUST00755,SAVINGS,INACTIVE,2017-02-25,360690.77,BR008,2017-02-25 10:00:00
ACC00554,CUST00982,CURRENT,ACTIVE,2024-05-31,1139426.0,BR001,2024-05-31 10:00:00
ACC00555,CUST00689,SAVINGS,ACTIVE,2019-03-11,247571.06,BR003,2019-03-11 10:00:00
ACC00556,CUST00085,SAVINGS,ACTIVE,2021-07-28,475839.26,BR005,2021-07-28 10:00:00
ACC00557,CUST00537,SAVINGS,ACTIVE,2023-10-12,139455.95,BR005,2023-10-12 10:00:00
ACC00558,CUST00874,CURRENT,ACTIVE,2024-05-17,1419903.1,BR008,2024-05-17 10:00:00
ACC00559,CUST00460,SAVINGS,INACTIVE,2023-12-22,236576.9,BR003,2023-12-22 10:00:00
ACC00560,CUST00683,SAVINGS,ACTIVE,2023-10-05,49547.57,BR008,2023-10-05 10:00:00
ACC00561,CUST00927,SAVINGS,ACTIVE,2021-08-12,98813.76,BR002,2021-08-12 10:00:00
ACC00562,CUST00857,CURRENT,ACTIVE,2024-03-16,475441.13,BR008,2024-03-16 10:00:00
ACC00563,CUST00626,SAVINGS,ACTIVE,2024-01-22,107120.23,BR003,2024-01-22 10:00:00
ACC00564,CUST00548,SAVINGS,ACTIVE,2024-01-26,393441.04,BR003,2024-01-26 10:00:00
ACC00565,CUST00694,CURRENT,ACTIVE,2022-10-19,1472202.75,BR007,2022-10-19 10:00:00
ACC00566,CUST00008,CURRENT,ACTIVE,2023-05-27,721172.97,BR005,2023-05-27 10:00:00
ACC00567,CUST00046,SAVINGS,ACTIVE,2023-05-31,178581.95,BR006,2023-05-31 10:00:00
ACC00568,CUST00307,SAVINGS,ACTIVE,2022-03-29,381940.89,BR001,2022-03-29 10:00:00
ACC00569,CUST00794,CURRENT,ACTIVE,2023-09-29,546577.64,BR003,2023-09-29 10:00:00
ACC00570,CUST00889,SALARY,ACTIVE,2016-06-23,287393.91,BR004,2016-06-23 10:00:00
ACC00571,CUST00546,SAVINGS,ACTIVE,2020-10-16,416694.49,BR001,2020-10-16 10:00:00
ACC00572,CUST00399,SAVINGS,ACTIVE,2019-05-31,280138.91,BR004,2019-05-31 10:00:00
ACC00573,CUST00144,CURRENT,ACTIVE,2023-09-10,1288195.08,BR002,2023-09-10 10:00:00
ACC00574,CUST00391,SAVINGS,ACTIVE,2023-08-05,470893.34,BR008,2023-08-05 10:00:00
ACC00575,CUST00140,SALARY,INACTIVE,2024-02-09,232499.29,BR008,2024-02-09 10:00:00
ACC00576,CUST00453,SAVINGS,CLOSED,2023-03-29,32010.12,BR001,2023-03-29 10:00:00
ACC00577,CUST00435,CURRENT,ACTIVE,2021-08-08,671233.45,BR005,2021-08-08 10:00:00
ACC00578,CUST00517,SAVINGS,ACTIVE,2024-02-16,39309.41,BR007,2024-02-16 10:00:00
ACC00579,CUST00505,CURRENT,INACTIVE,2022-10-20,465812.05,BR004,2022-10-20 10:00:00
ACC00580,CUST00568,SAVINGS,ACTIVE,2020-04-23,287434.75,BR005,2020-04-23 10:00:00
ACC00581,CUST00966,SAVINGS,ACTIVE,2023-05-29,13371.27,BR002,2023-05-29 10:00:00
ACC00582,CUST00369,SALARY,ACTIVE,2022-09-13,335234.05,BR006,2022-09-13 10:00:00
ACC00583,CUST00059,SALARY,ACTIVE,2024-04-21,79110.42,BR006,2024-04-21 10:00:00
ACC00584,CUST00170,SAVINGS,ACTIVE,2021-11-27,101495.13,BR005,2021-11-27 10:00:00
ACC00585,CUST00096,SAVINGS,ACTIVE,2020-09-27,72284.29,BR007,2020-09-27 10:00:00
ACC00586,CUST00246,SAVINGS,ACTIVE,2024-05-18,26395.46,BR001,2024-05-18 10:00:00
ACC00587,CUST00079,SALARY,ACTIVE,2019-01-26,200171.53,BR001,2019-01-26 10:00:00
ACC00588,CUST00426,SALARY,INACTIVE,2019-01-04,277597.44,BR008,2019-01-04 10:00:00
ACC00589,CUST00093,SAVINGS,ACTIVE,2020-06-19,367880.82,BR002,2020-06-19 10:00:00
ACC00590,CUST00733,SALARY,ACTIVE,2023-11-08,59587.25,BR002,2023-11-08 10:00:00
ACC00591,CUST00070,SAVINGS,ACTIVE,2019-05-17,376573.91,BR007,2019-05-17 10:00:00
ACC00592,CUST00594,CURRENT,ACTIVE,2019-07-01,984404.45,BR002,2019-07-01 10:00:00
ACC00593,CUST00759,SAVINGS,ACTIVE,2023-03-27,265037.7,BR007,2023-03-27 10:00:00
ACC00594,CUST00335,SALARY,ACTIVE,2022-02-13,7192.12,BR007,2022-02-13 10:00:00
ACC00595,CUST00235,SAVINGS,ACTIVE,2023-02-19,77371.22,BR004,2023-02-19 10:00:00
ACC00596,CUST00534,SAVINGS,ACTIVE,2022-03-24,230232.28,BR004,2022-03-24 10:00:00
ACC00597,CUST00439,CURRENT,ACTIVE,2019-12-23,1342534.21,BR003,2019-12-23 10:00:00
ACC00598,CUST00283,SAVINGS,ACTIVE,2019-07-16,92839.39,BR001,2019-07-16 10:00:00
ACC00599,CUST00026,SAVINGS,INACTIVE,2017-07-01,390282.95,BR006,2017-07-01 10:00:00
ACC00600,CUST00983,SALARY,ACTIVE,2021-01-24,325320.6,BR004,2021-01-24 10:00:00
ACC00601,CUST00480,SAVINGS,ACTIVE,2024-05-26,137361.28,BR004,2024-05-26 10:00:00
ACC00602,CUST00363,CURRENT,ACTIVE,2022-09-17,206587.4,BR007,2022-09-17 10:00:00
ACC00603,CUST00450,SAVINGS,INACTIVE,2019-11-08,191757.24,BR008,2019-11-08 10:00:00
ACC00604,CUST00407,SAVINGS,ACTIVE,2022-07-27,296133.05,BR002,2022-07-27 10:00:00
ACC00605,CUST00905,SAVINGS,ACTIVE,2022-10-05,362947.87,BR002,2022-10-05 10:00:00
ACC00606,CUST00429,SAVINGS,ACTIVE,2022-05-02,370969.4,BR006,2022-05-02 10:00:00
ACC00607,CUST00975,CURRENT,ACTIVE,2023-03-02,335233.01,BR002,2023-03-02 10:00:00
ACC00608,CUST00380,CURRENT,ACTIVE,2020-01-29,775384.5,BR008,2020-01-29 10:00:00
ACC00609,CUST00055,SAVINGS,ACTIVE,2023-09-21,201653.4,BR002,2023-09-21 10:00:00
ACC00610,CUST00274,SAVINGS,INACTIVE,2021-05-07,218489.07,BR005,2021-05-07 10:00:00
ACC00611,CUST00582,SAVINGS,ACTIVE,2023-12-31,322682.02,BR007,2023-12-31 10:00:00
ACC00612,CUST00833,SALARY,ACTIVE,2022-10-25,256722.04,BR006,2022-10-25 10:00:00
ACC00613,CUST00882,SAVINGS,ACTIVE,2019-10-31,283378.18,BR003,2019-10-31 10:00:00
ACC00614,CUST00184,SAVINGS,ACTIVE,2023-06-27,381738.2,BR001,2023-06-27 10:00:00
ACC00615,CUST00160,SAVINGS,ACTIVE,2021-01-05,187422.76,BR007,2021-01-05 10:00:00
ACC00616,CUST00526,CURRENT,ACTIVE,2022-04-06,1406030.09,BR003,2022-04-06 10:00:00
ACC00617,CUST00490,CURRENT,ACTIVE,2021-01-18,563475.31,BR002,2021-01-18 10:00:00
ACC00618,CUST00266,CURRENT,ACTIVE,2020-05-16,476445.61,BR006,2020-05-16 10:00:00
ACC00619,CUST00131,SALARY,ACTIVE,2020-12-16,14824.97,BR001,2020-12-16 10:00:00
ACC00620,CUST00607,SAVINGS,INACTIVE,2019-10-15,368138.04,BR003,2019-10-15 10:00:00
ACC00621,CUST00222,SALARY,ACTIVE,2019-10-18,268063.29,BR003,2019-10-18 10:00:00
ACC00622,CUST00838,SAVINGS,ACTIVE,2019-01-02,48331.64,BR002,2019-01-02 10:00:00
ACC00623,CUST00609,SAVINGS,ACTIVE,2023-02-28,428429.86,BR008,2023-02-28 10:00:00
ACC00624,CUST00635,SAVINGS,ACTIVE,2024-03-11,2859.01,BR008,2024-03-11 10:00:00
ACC00625,CUST00299,SAVINGS,INACTIVE,2019-06-15,163131.04,BR006,2019-06-15 10:00:00
ACC00626,CUST00354,SALARY,ACTIVE,2020-01-19,169837.5,BR004,2020-01-19 10:00:00
ACC00627,CUST00153,SAVINGS,ACTIVE,2024-01-24,471288.84,BR004,2024-01-24 10:00:00
ACC00628,CUST00399,CURRENT,ACTIVE,2023-10-20,620661.84,BR002,2023-10-20 10:00:00
ACC00629,CUST00326,SAVINGS,ACTIVE,2021-08-12,165991.32,BR008,2021-08-12 10:00:00
ACC00630,CUST00175,CURRENT,ACTIVE,2023-01-06,1481773.32,BR005,2023-01-06 10:00:00
ACC00631,CUST00050,CURRENT,ACTIVE,2020-07-07,577786.78,BR003,2020-07-07 10:00:00
ACC00632,CUST00725,SAVINGS,INACTIVE,2022-03-31,374598.13,BR007,2022-03-31 10:00:00
ACC00633,CUST00623,CURRENT,ACTIVE,2023-11-16,46124.55,BR001,2023-11-16 10:00:00
ACC00634,CUST00278,CURRENT,ACTIVE,2023-09-02,500735.26,BR008,2023-09-02 10:00:00
ACC00635,CUST00565,SAVINGS,ACTIVE,2024-05-20,204314.29,BR004,2024-05-20 10:00:00
ACC00636,CUST00289,SAVINGS,ACTIVE,2022-04-03,61115.02,BR005,2022-04-03 10:00:00
ACC00637,CUST00802,CURRENT,ACTIVE,2023-12-14,522450.52,BR003,2023-12-14 10:00:00
ACC00638,CUST00358,SAVINGS,ACTIVE,2021-08-15,386573.88,BR008,2021-08-15 10:00:00
ACC00639,CUST00542,CURRENT,ACTIVE,2021-07-21,1150822.25,BR005,2021-07-21 10:00:00
ACC00640,CUST00098,SAVINGS,ACTIVE,2022-08-26,15143.46,BR003,2022-08-26 10:00:00
ACC00641,CUST00774,SAVINGS,CLOSED,2021-01-01,62338.18,BR005,2021-01-01 10:00:00
ACC00642,CUST00603,SAVINGS,ACTIVE,2023-11-22,219491.64,BR002,2023-11-22 10:00:00
ACC00643,CUST00314,SALARY,CLOSED,2019-11-14,142157.54,BR004,2019-11-14 10:00:00
ACC00644,CUST00540,SAVINGS,ACTIVE,2017-06-28,101341.87,BR006,2017-06-28 10:00:00
ACC00645,CUST00917,SAVINGS,ACTIVE,2023-10-28,430313.28,BR001,2023-10-28 10:00:00
ACC00646,CUST00981,CURRENT,ACTIVE,2022-02-06,1048199.75,BR003,2022-02-06 10:00:00
ACC00647,CUST00714,SAVINGS,ACTIVE,2020-09-09,318366.4,BR004,2020-09-09 10:00:00
ACC00648,CUST00388,CURRENT,ACTIVE,2023-12-23,822711.81,BR007,2023-12-23 10:00:00
ACC00649,CUST00522,SALARY,ACTIVE,2022-02-03,107291.27,BR007,2022-02-03 10:00:00
ACC00650,CUST00845,SALARY,ACTIVE,2017-08-15,253933.94,BR005,2017-08-15 10:00:00
ACC00651,CUST00101,SAVINGS,ACTIVE,2021-08-23,334889.78,BR004,2021-08-23 10:00:00
ACC00652,CUST00011,SALARY,ACTIVE,2020-07-08,25431.67,BR007,2020-07-08 10:00:00
ACC00653,CUST00814,SAVINGS,ACTIVE,2022-04-30,382884.98,BR004,2022-04-30 10:00:00
ACC00654,CUST00232,SAVINGS,ACTIVE,2022-08-21,197022.33,BR004,2022-08-21 10:00:00
ACC00655,CUST00776,SAVINGS,ACTIVE,2023-05-19,481770.28,BR005,2023-05-19 10:00:00
ACC00656,CUST00987,SAVINGS,ACTIVE,2023-07-07,370478.36,BR003,2023-07-07 10:00:00
ACC00657,CUST00680,SAVINGS,ACTIVE,2023-09-18,380890.84,BR001,2023-09-18 10:00:00
ACC00658,CUST00372,CURRENT,ACTIVE,2022-05-06,176353.01,BR008,2022-05-06 10:00:00
ACC00659,CUST00839,SAVINGS,ACTIVE,2022-01-01,271776.59,BR008,2022-01-01 10:00:00
ACC00660,CUST00656,SAVINGS,INACTIVE,2023-07-28,455476.82,BR006,2023-07-28 10:00:00
ACC00661,CUST00338,SALARY,INACTIVE,2023-10-26,136618.09,BR005,2023-10-26 10:00:00
ACC00662,CUST00068,SAVINGS,ACTIVE,2024-05-09,86306.86,BR008,2024-05-09 10:00:00
ACC00663,CUST00417,CURRENT,ACTIVE,2017-10-31,155645.11,BR006,2017-10-31 10:00:00
ACC00664,CUST00681,SAVINGS,ACTIVE,2024-01-27,418762.79,BR007,2024-01-27 10:00:00
ACC00665,CUST00113,SAVINGS,ACTIVE,2019-01-15,421556.69,BR005,2019-01-15 10:00:00
ACC00666,CUST00268,SALARY,ACTIVE,2020-09-30,149777.65,BR005,2020-09-30 10:00:00
ACC00667,CUST00955,SALARY,ACTIVE,2017-06-25,251017.99,BR008,2017-06-25 10:00:00
ACC00668,CUST00277,SAVINGS,ACTIVE,2023-10-30,218299.1,BR005,2023-10-30 10:00:00
ACC00669,CUST00463,SAVINGS,ACTIVE,2024-04-11,281433.7,BR007,2024-04-11 10:00:00
ACC00670,CUST00254,CURRENT,INACTIVE,2023-09-12,589316.16,BR002,2023-09-12 10:00:00
ACC00671,CUST00436,SAVINGS,ACTIVE,2020-02-02,288873.7,BR002,2020-02-02 10:00:00
ACC00672,CUST00501,SALARY,ACTIVE,2024-04-13,237050.24,BR007,2024-04-13 10:00:00
ACC00673,CUST00507,CURRENT,ACTIVE,2017-01-23,537274.07,BR008,2017-01-23 10:00:00
ACC00674,CUST00804,SALARY,ACTIVE,2024-03-31,17860.3,BR007,2024-03-31 10:00:00
ACC00675,CUST00847,CURRENT,ACTIVE,2024-04-21,661901.1,BR001,2024-04-21 10:00:00
ACC00676,CUST00158,SAVINGS,ACTIVE,2022-03-14,51655.09,BR007,2022-03-14 10:00:00
ACC00677,CUST00132,CURRENT,ACTIVE,2024-05-03,1339143.35,BR006,2024-05-03 10:00:00
ACC00678,CUST00700,CURRENT,ACTIVE,2020-11-20,433032.9,BR001,2020-11-20 10:00:00
ACC00679,CUST00620,SAVINGS,ACTIVE,2023-09-21,133428.91,BR003,2023-09-21 10:00:00
ACC00680,CUST00524,SAVINGS,ACTIVE,2024-03-03,325022.74,BR007,2024-03-03 10:00:00
ACC00681,CUST00664,CURRENT,ACTIVE,2018-05-27,1270961.77,BR002,2018-05-27 10:00:00
ACC00682,CUST00747,SAVINGS,ACTIVE,2024-03-09,403064.95,BR004,2024-03-09 10:00:00
ACC00683,CUST00578,SAVINGS,ACTIVE,2024-05-09,47490.16,BR007,2024-05-09 10:00:00
ACC00684,CUST00867,SAVINGS,ACTIVE,2018-11-19,378890.83,BR004,2018-11-19 10:00:00
ACC00685,CUST00760,SAVINGS,ACTIVE,2022-04-15,170158.12,BR008,2022-04-15 10:00:00
ACC00686,CUST00662,SALARY,ACTIVE,2023-11-07,116352.12,BR002,2023-11-07 10:00:00
ACC00687,CUST00649,SAVINGS,ACTIVE,2024-04-04,350863.58,BR005,2024-04-04 10:00:00
ACC00688,CUST00321,CURRENT,ACTIVE,2021-08-03,937244.69,BR002,2021-08-03 10:00:00
ACC00689,CUST00645,SAVINGS,ACTIVE,2023-06-19,457561.91,BR007,2023-06-19 10:00:00
ACC00690,CUST00073,SALARY,ACTIVE,2022-08-05,188825.57,BR007,2022-08-05 10:00:00
ACC00691,CUST00712,SAVINGS,ACTIVE,2022-02-07,307676.46,BR002,2022-02-07 10:00:00
ACC00692,CUST00549,SAVINGS,ACTIVE,2024-04-07,22784.49,BR003,2024-04-07 10:00:00
ACC00693,CUST00147,CURRENT,ACTIVE,2024-04-02,356091.19,BR004,2024-04-02 10:00:00
ACC00694,CUST00776,SAVINGS,ACTIVE,2023-05-09,74824.91,BR005,2023-05-09 10:00:00
ACC00695,CUST00693,SAVINGS,ACTIVE,2023-04-28,242928.46,BR008,2023-04-28 10:00:00
ACC00696,CUST00280,SAVINGS,ACTIVE,2022-11-29,98138.96,BR003,2022-11-29 10:00:00
ACC00697,CUST00802,CURRENT,ACTIVE,2024-05-11,873798.87,BR007,2024-05-11 10:00:00
ACC00698,CUST00468,CURRENT,ACTIVE,2023-08-09,1210053.48,BR005,2023-08-09 10:00:00
ACC00699,CUST00183,SAVINGS,ACTIVE,2018-07-19,161776.97,BR006,2018-07-19 10:00:00
ACC00700,CUST00480,SAVINGS,ACTIVE,2020-08-24,430322.49,BR004,2020-08-24 10:00:00
ACC00701,CUST00630,CURRENT,ACTIVE,2019-01-25,1471991.26,BR008,2019-01-25 10:00:00
ACC00702,CUST00391,SAVINGS,ACTIVE,2024-04-16,115842.65,BR006,2024-04-16 10:00:00
ACC00703,CUST00267,CURRENT,ACTIVE,2023-10-08,1236089.36,BR004,2023-10-08 10:00:00
ACC00704,CUST00510,SAVINGS,ACTIVE,2018-01-26,231468.84,BR008,2018-01-26 10:00:00
ACC00705,CUST00564,SAVINGS,ACTIVE,2017-01-05,13502.3,BR008,2017-01-05 10:00:00
ACC00706,CUST00077,SAVINGS,ACTIVE,2022-08-13,239621.66,BR003,2022-08-13 10:00:00
ACC00707,CUST00942,SAVINGS,ACTIVE,2019-09-27,285952.43,BR001,2019-09-27 10:00:00
ACC00708,CUST00702,CURRENT,ACTIVE,2022-11-18,1479654.73,BR004,2022-11-18 10:00:00
ACC00709,CUST00812,CURRENT,ACTIVE,2022-11-07,1020134.74,BR006,2022-11-07 10:00:00
ACC00710,CUST00692,SAVINGS,ACTIVE,2024-04-28,473268.22,BR003,2024-04-28 10:00:00
ACC00711,CUST00368,CURRENT,CLOSED,2022-03-04,488826.42,BR001,2022-03-04 10:00:00
ACC00712,CUST00606,SALARY,ACTIVE,2023-01-19,207669.45,BR002,2023-01-19 10:00:00
ACC00713,CUST00222,CURRENT,ACTIVE,2023-10-04,262780.65,BR004,2023-10-04 10:00:00
ACC00714,CUST00566,SAVINGS,ACTIVE,2021-08-06,418280.36,BR001,2021-08-06 10:00:00
ACC00715,CUST00511,CURRENT,ACTIVE,2021-10-31,514390.42,BR002,2021-10-31 10:00:00
ACC00716,CUST00764,SALARY,ACTIVE,2024-03-25,138670.64,BR007,2024-03-25 10:00:00
ACC00717,CUST00973,SAVINGS,ACTIVE,2021-12-01,93537.33,BR005,2021-12-01 10:00:00
ACC00718,CUST00945,SAVINGS,ACTIVE,2019-04-02,251091.71,BR003,2019-04-02 10:00:00
ACC00719,CUST00917,SAVINGS,ACTIVE,2023-03-25,492853.92,BR002,2023-03-25 10:00:00
ACC00720,CUST00193,SAVINGS,ACTIVE,2024-05-30,130739.49,BR001,2024-05-30 10:00:00
ACC00721,CUST00038,SALARY,ACTIVE,2023-11-06,37944.16,BR001,2023-11-06 10:00:00
ACC00722,CUST00243,SALARY,ACTIVE,2017-01-09,117766.58,BR005,2017-01-09 10:00:00
ACC00723,CUST00046,SAVINGS,INACTIVE,2021-07-31,188980.92,BR002,2021-07-31 10:00:00
ACC00724,CUST00305,SALARY,ACTIVE,2024-04-22,67716.41,BR004,2024-04-22 10:00:00
ACC00725,CUST00831,SALARY,ACTIVE,2023-10-22,211902.82,BR003,2023-10-22 10:00:00
ACC00726,CUST00871,SALARY,ACTIVE,2019-10-16,180028.41,BR008,2019-10-16 10:00:00
ACC00727,CUST00223,SAVINGS,ACTIVE,2023-12-29,444396.19,BR002,2023-12-29 10:00:00
ACC00728,CUST00396,CURRENT,ACTIVE,2023-01-21,183968.01,BR003,2023-01-21 10:00:00
ACC00729,CUST00783,SAVINGS,ACTIVE,2019-05-09,250081.4,BR003,2019-05-09 10:00:00
ACC00730,CUST00619,SALARY,INACTIVE,2024-04-15,325369.23,BR007,2024-04-15 10:00:00
ACC00731,CUST00361,CURRENT,INACTIVE,2021-10-20,524057.32,BR006,2021-10-20 10:00:00
ACC00732,CUST00519,SAVINGS,CLOSED,2023-11-29,96199.24,BR007,2023-11-29 10:00:00
ACC00733,CUST00321,SAVINGS,ACTIVE,2022-01-18,405926.41,BR002,2022-01-18 10:00:00
ACC00734,CUST00778,CURRENT,ACTIVE,2022-10-09,497815.77,BR007,2022-10-09 10:00:00
ACC00735,CUST00503,CURRENT,ACTIVE,2021-02-25,497466.72,BR008,2021-02-25 10:00:00
ACC00736,CUST00715,CURRENT,ACTIVE,2022-06-13,653820.82,BR007,2022-06-13 10:00:00
ACC00737,CUST00461,SAVINGS,ACTIVE,2023-10-26,54398.45,BR008,2023-10-26 10:00:00
ACC00738,CUST00831,CURRENT,ACTIVE,2023-12-29,1161993.04,BR001,2023-12-29 10:00:00
ACC00739,CUST00547,SAVINGS,ACTIVE,2022-06-06,155292.12,BR003,2022-06-06 10:00:00
ACC00740,CUST00931,CURRENT,ACTIVE,2022-01-19,66245.58,BR005,2022-01-19 10:00:00
ACC00741,CUST00301,SAVINGS,ACTIVE,2022-03-25,28586.54,BR007,2022-03-25 10:00:00
ACC00742,CUST00785,CURRENT,ACTIVE,2020-09-16,775399.74,BR001,2020-09-16 10:00:00
ACC00743,CUST00048,SALARY,ACTIVE,2018-04-19,312862.85,BR006,2018-04-19 10:00:00
ACC00744,CUST00308,SAVINGS,ACTIVE,2023-06-12,286644.8,BR001,2023-06-12 10:00:00
ACC00745,CUST00986,SAVINGS,ACTIVE,2023-11-17,60374.69,BR005,2023-11-17 10:00:00
ACC00746,CUST00001,SAVINGS,ACTIVE,2019-11-09,492239.98,BR007,2019-11-09 10:00:00
ACC00747,CUST00751,CURRENT,ACTIVE,2020-10-14,91016.26,BR003,2020-10-14 10:00:00
ACC00748,CUST00289,SAVINGS,ACTIVE,2020-03-20,441267.53,BR007,2020-03-20 10:00:00
ACC00749,CUST00887,CURRENT,ACTIVE,2023-09-08,481865.39,BR005,2023-09-08 10:00:00
ACC00750,CUST00558,SAVINGS,ACTIVE,2023-10-27,190123.05,BR004,2023-10-27 10:00:00
ACC00751,CUST00349,CURRENT,ACTIVE,2022-01-11,40383.82,BR007,2022-01-11 10:00:00
ACC00752,CUST00803,SAVINGS,ACTIVE,2020-11-25,332324.11,BR004,2020-11-25 10:00:00
ACC00753,CUST00519,SAVINGS,ACTIVE,2023-06-12,451353.03,BR008,2023-06-12 10:00:00
ACC00754,CUST00378,SAVINGS,ACTIVE,2018-01-07,471892.8,BR005,2018-01-07 10:00:00
ACC00755,CUST00087,SALARY,ACTIVE,2021-07-14,103258.34,BR005,2021-07-14 10:00:00
ACC00756,CUST00987,SAVINGS,ACTIVE,2016-08-03,381092.17,BR007,2016-08-03 10:00:00
ACC00757,CUST00263,CURRENT,INACTIVE,2024-04-28,152592.02,BR008,2024-04-28 10:00:00
ACC00758,CUST00576,SAVINGS,ACTIVE,2023-06-09,235806.1,BR002,2023-06-09 10:00:00
ACC00759,CUST00409,SAVINGS,ACTIVE,2022-04-28,94277.97,BR002,2022-04-28 10:00:00
ACC00760,CUST00166,SAVINGS,ACTIVE,2022-07-11,369827.3,BR008,2022-07-11 10:00:00
ACC00761,CUST00832,SAVINGS,ACTIVE,2023-07-23,383978.12,BR004,2023-07-23 10:00:00
ACC00762,CUST00212,CURRENT,ACTIVE,2017-09-10,863981.99,BR003,2017-09-10 10:00:00
ACC00763,CUST00589,SAVINGS,CLOSED,2021-01-22,176683.32,BR004,2021-01-22 10:00:00
ACC00764,CUST00525,SALARY,ACTIVE,2021-05-08,57818.64,BR005,2021-05-08 10:00:00
ACC00765,CUST00259,SAVINGS,ACTIVE,2024-05-31,99183.7,BR008,2024-05-31 10:00:00
ACC00766,CUST00416,SAVINGS,ACTIVE,2022-03-16,301825.88,BR005,2022-03-16 10:00:00
ACC00767,CUST00322,SAVINGS,ACTIVE,2022-10-22,30714.78,BR002,2022-10-22 10:00:00
ACC00768,CUST00241,SAVINGS,ACTIVE,2024-01-21,360940.03,BR006,2024-01-21 10:00:00
ACC00769,CUST00569,SAVINGS,ACTIVE,2022-05-13,342947.51,BR001,2022-05-13 10:00:00
ACC00770,CUST00006,SAVINGS,ACTIVE,2021-07-02,384925.98,BR002,2021-07-02 10:00:00
ACC00771,CUST00185,SALARY,ACTIVE,2015-08-10,199455.37,BR002,2015-08-10 10:00:00
ACC00772,CUST00712,SAVINGS,ACTIVE,2023-02-16,468762.44,BR007,2023-02-16 10:00:00
ACC00773,CUST00318,SAVINGS,ACTIVE,2022-04-02,455344.94,BR004,2022-04-02 10:00:00
ACC00774,CUST00567,CURRENT,ACTIVE,2020-11-19,1470693.38,BR008,2020-11-19 10:00:00
ACC00775,CUST00782,SAVINGS,INACTIVE,2021-09-03,269386.2,BR006,2021-09-03 10:00:00
ACC00776,CUST00840,SAVINGS,ACTIVE,2020-07-19,481612.25,BR007,2020-07-19 10:00:00
ACC00777,CUST00213,SALARY,INACTIVE,2021-01-06,260301.92,BR007,2021-01-06 10:00:00
ACC00778,CUST00744,CURRENT,ACTIVE,2023-07-21,630297.89,BR004,2023-07-21 10:00:00
ACC00779,CUST00772,SALARY,ACTIVE,2022-12-08,126764.77,BR007,2022-12-08 10:00:00
ACC00780,CUST00128,SAVINGS,ACTIVE,2023-11-02,223336.71,BR007,2023-11-02 10:00:00
ACC00781,CUST00668,SAVINGS,ACTIVE,2023-01-04,200944.32,BR004,2023-01-04 10:00:00
ACC00782,CUST00215,SAVINGS,ACTIVE,2023-08-17,99314.46,BR006,2023-08-17 10:00:00
ACC00783,CUST00770,SALARY,ACTIVE,2024-01-31,278267.02,BR006,2024-01-31 10:00:00
ACC00784,CUST00599,CURRENT,ACTIVE,2022-01-30,718592.86,BR008,2022-01-30 10:00:00
ACC00785,CUST00486,SAVINGS,ACTIVE,2023-02-21,207528.63,BR004,2023-02-21 10:00:00
ACC00786,CUST00140,SAVINGS,ACTIVE,2017-02-07,330676.6,BR007,2017-02-07 10:00:00
ACC00787,CUST00893,SAVINGS,ACTIVE,2023-02-08,105210.51,BR003,2023-02-08 10:00:00
ACC00788,CUST00543,SAVINGS,ACTIVE,2022-05-09,321515.98,BR004,2022-05-09 10:00:00
ACC00789,CUST00550,SAVINGS,ACTIVE,2020-01-01,434344.97,BR003,2020-01-01 10:00:00
ACC00790,CUST00922,CURRENT,ACTIVE,2022-06-12,1401204.82,BR001,2022-06-12 10:00:00
ACC00791,CUST00918,CURRENT,ACTIVE,2020-05-23,56662.45,BR001,2020-05-23 10:00:00
ACC00792,CUST00021,SAVINGS,ACTIVE,2023-08-06,103496.02,BR003,2023-08-06 10:00:00
ACC00793,CUST00921,SALARY,ACTIVE,2021-12-23,130214.32,BR006,2021-12-23 10:00:00
ACC00794,CUST00416,SAVINGS,ACTIVE,2023-06-28,170963.83,BR003,2023-06-28 10:00:00
ACC00795,CUST00024,SAVINGS,ACTIVE,2022-12-25,82006.67,BR003,2022-12-25 10:00:00
ACC00796,CUST00313,SAVINGS,ACTIVE,2023-01-10,206315.75,BR008,2023-01-10 10:00:00
ACC00797,CUST00085,CURRENT,ACTIVE,2021-03-09,1464783.97,BR003,2021-03-09 10:00:00
ACC00798,CUST00325,SALARY,ACTIVE,2017-04-26,51781.57,BR007,2017-04-26 10:00:00
ACC00799,CUST00334,SAVINGS,ACTIVE,2023-12-12,12427.17,BR006,2023-12-12 10:00:00
ACC00800,CUST00102,SALARY,ACTIVE,2022-11-19,159330.03,BR001,2022-11-19 10:00:00
ACC00801,CUST00129,SALARY,INACTIVE,2023-05-20,123620.94,BR006,2023-05-20 10:00:00
ACC00802,CUST00586,SALARY,INACTIVE,2020-04-15,66146.24,BR005,2020-04-15 10:00:00
ACC00803,CUST00306,CURRENT,INACTIVE,2022-11-09,1489522.78,BR004,2022-11-09 10:00:00
ACC00804,CUST00771,SALARY,ACTIVE,2023-01-12,278509.74,BR002,2023-01-12 10:00:00
ACC00805,CUST00345,SAVINGS,CLOSED,2024-05-14,10437.88,BR007,2024-05-14 10:00:00
ACC00806,CUST00175,SALARY,ACTIVE,2019-05-18,71247.99,BR005,2019-05-18 10:00:00
ACC00807,CUST00496,SALARY,INACTIVE,2021-06-05,173915.12,BR003,2021-06-05 10:00:00
ACC00808,CUST00782,SAVINGS,ACTIVE,2020-11-04,133398.91,BR007,2020-11-04 10:00:00
ACC00809,CUST00958,SAVINGS,ACTIVE,2024-03-31,230398.54,BR002,2024-03-31 10:00:00
ACC00810,CUST00863,SAVINGS,ACTIVE,2024-05-28,489178.71,BR001,2024-05-28 10:00:00
ACC00811,CUST00097,CURRENT,ACTIVE,2022-01-28,319472.54,BR008,2022-01-28 10:00:00
ACC00812,CUST00846,SAVINGS,ACTIVE,2023-12-16,349185.91,BR006,2023-12-16 10:00:00
ACC00813,CUST00711,SAVINGS,ACTIVE,2021-06-27,205079.53,BR006,2021-06-27 10:00:00
ACC00814,CUST00980,SAVINGS,ACTIVE,2021-04-03,277310.37,BR008,2021-04-03 10:00:00
ACC00815,CUST00492,SAVINGS,ACTIVE,2022-10-02,459591.12,BR002,2022-10-02 10:00:00
ACC00816,CUST00539,CURRENT,INACTIVE,2020-10-07,1346333.24,BR001,2020-10-07 10:00:00
ACC00817,CUST00587,CURRENT,ACTIVE,2017-02-01,383367.52,BR003,2017-02-01 10:00:00
ACC00818,CUST00408,SAVINGS,ACTIVE,2020-12-05,389991.15,BR002,2020-12-05 10:00:00
ACC00819,CUST00024,SAVINGS,ACTIVE,2024-05-10,172214.57,BR002,2024-05-10 10:00:00
ACC00820,CUST00959,SAVINGS,ACTIVE,2022-01-24,316423.95,BR006,2022-01-24 10:00:00
ACC00821,CUST00522,CURRENT,ACTIVE,2018-12-19,107845.46,BR003,2018-12-19 10:00:00
ACC00822,CUST00685,SAVINGS,ACTIVE,2023-11-10,94823.47,BR002,2023-11-10 10:00:00
ACC00823,CUST00657,SAVINGS,ACTIVE,2021-06-24,107083.97,BR002,2021-06-24 10:00:00
ACC00824,CUST00182,SAVINGS,ACTIVE,2019-12-31,239331.94,BR004,2019-12-31 10:00:00
ACC00825,CUST00125,CURRENT,ACTIVE,2020-02-22,717085.42,BR001,2020-02-22 10:00:00
ACC00826,CUST00085,SAVINGS,ACTIVE,2019-04-13,89985.83,BR004,2019-04-13 10:00:00
ACC00827,CUST00120,SAVINGS,INACTIVE,2022-07-16,486430.05,BR002,2022-07-16 10:00:00
ACC00828,CUST00246,CURRENT,ACTIVE,2023-07-10,1276709.05,BR004,2023-07-10 10:00:00
ACC00829,CUST00012,SAVINGS,ACTIVE,2022-10-19,150117.95,BR007,2022-10-19 10:00:00
ACC00830,CUST00377,SAVINGS,ACTIVE,2021-09-25,127347.52,BR006,2021-09-25 10:00:00
ACC00831,CUST00941,CURRENT,ACTIVE,2024-03-09,1338570.21,BR005,2024-03-09 10:00:00
ACC00832,CUST00718,SAVINGS,ACTIVE,2021-05-06,33734.53,BR006,2021-05-06 10:00:00
ACC00833,CUST00687,SALARY,ACTIVE,2023-10-17,32583.31,BR008,2023-10-17 10:00:00
ACC00834,CUST00045,SAVINGS,ACTIVE,2016-06-03,160903.03,BR006,2016-06-03 10:00:00
ACC00835,CUST00392,CURRENT,ACTIVE,2016-05-27,864571.66,BR006,2016-05-27 10:00:00
ACC00836,CUST00865,SAVINGS,ACTIVE,2023-07-06,186795.59,BR005,2023-07-06 10:00:00
ACC00837,CUST00475,CURRENT,ACTIVE,2023-05-28,361464.65,BR003,2023-05-28 10:00:00
ACC00838,CUST00797,SAVINGS,ACTIVE,2021-02-24,440287.39,BR006,2021-02-24 10:00:00
ACC00839,CUST00092,SALARY,ACTIVE,2021-11-03,164950.23,BR008,2021-11-03 10:00:00
ACC00840,CUST00675,SAVINGS,ACTIVE,2023-09-08,194318.17,BR001,2023-09-08 10:00:00
ACC00841,CUST00125,SALARY,ACTIVE,2022-05-02,346467.94,BR003,2022-05-02 10:00:00
ACC00842,CUST00334,SAVINGS,ACTIVE,2024-01-30,409158.89,BR003,2024-01-30 10:00:00
ACC00843,CUST00709,SAVINGS,INACTIVE,2022-03-24,49685.99,BR007,2022-03-24 10:00:00
ACC00844,CUST00951,SAVINGS,ACTIVE,2022-05-06,13286.13,BR007,2022-05-06 10:00:00
ACC00845,CUST00949,SAVINGS,ACTIVE,2024-05-04,140640.62,BR004,2024-05-04 10:00:00
ACC00846,CUST00764,SAVINGS,ACTIVE,2023-11-17,218966.02,BR003,2023-11-17 10:00:00
ACC00847,CUST00303,SAVINGS,ACTIVE,2020-12-14,480816.11,BR002,2020-12-14 10:00:00
ACC00848,CUST00177,SALARY,ACTIVE,2022-06-29,104816.04,BR004,2022-06-29 10:00:00
ACC00849,CUST00611,SAVINGS,ACTIVE,2024-01-22,209631.84,BR001,2024-01-22 10:00:00
ACC00850,CUST00705,SALARY,ACTIVE,2020-06-20,222508.37,BR007,2020-06-20 10:00:00
ACC00851,CUST00310,CURRENT,ACTIVE,2023-06-06,440798.26,BR006,2023-06-06 10:00:00
ACC00852,CUST00501,CURRENT,INACTIVE,2023-02-06,858858.34,BR008,2023-02-06 10:00:00
ACC00853,CUST00407,SAVINGS,ACTIVE,2022-12-24,124939.65,BR006,2022-12-24 10:00:00
ACC00854,CUST00247,CURRENT,INACTIVE,2022-07-13,959960.36,BR008,2022-07-13 10:00:00
ACC00855,CUST00122,CURRENT,ACTIVE,2024-02-29,1055036.08,BR003,2024-02-29 10:00:00
ACC00856,CUST00881,SALARY,ACTIVE,2022-06-27,340041.81,BR004,2022-06-27 10:00:00
ACC00857,CUST00251,CURRENT,ACTIVE,2019-04-17,745667.18,BR008,2019-04-17 10:00:00
ACC00858,CUST00098,SALARY,ACTIVE,2016-07-09,137529.45,BR003,2016-07-09 10:00:00
ACC00859,CUST00066,CURRENT,ACTIVE,2023-05-09,707466.66,BR005,2023-05-09 10:00:00
ACC00860,CUST00643,SAVINGS,ACTIVE,2018-11-13,396162.59,BR005,2018-11-13 10:00:00
ACC00861,CUST00153,CURRENT,ACTIVE,2023-12-27,112056.35,BR004,2023-12-27 10:00:00
ACC00862,CUST00445,SAVINGS,ACTIVE,2021-10-22,412856.3,BR008,2021-10-22 10:00:00
ACC00863,CUST00403,SAVINGS,ACTIVE,2019-06-06,243637.11,BR006,2019-06-06 10:00:00
ACC00864,CUST00347,CURRENT,ACTIVE,2023-03-24,1437645.4,BR002,2023-03-24 10:00:00
ACC00865,CUST00666,SAVINGS,ACTIVE,2021-01-17,262942.34,BR005,2021-01-17 10:00:00
ACC00866,CUST00087,SAVINGS,ACTIVE,2017-03-10,150843.06,BR004,2017-03-10 10:00:00
ACC00867,CUST00602,SAVINGS,ACTIVE,2023-10-26,322884.17,BR007,2023-10-26 10:00:00
ACC00868,CUST00954,SAVINGS,ACTIVE,2022-02-06,224725.83,BR007,2022-02-06 10:00:00
ACC00869,CUST00059,SAVINGS,ACTIVE,2024-02-17,158758.29,BR005,2024-02-17 10:00:00
ACC00870,CUST00486,SAVINGS,ACTIVE,2022-12-13,228033.41,BR003,2022-12-13 10:00:00
ACC00871,CUST00365,SAVINGS,ACTIVE,2018-05-10,64147.68,BR006,2018-05-10 10:00:00
ACC00872,CUST00099,SAVINGS,ACTIVE,2021-08-27,416322.66,BR007,2021-08-27 10:00:00
ACC00873,CUST00819,SAVINGS,ACTIVE,2021-06-20,199280.0,BR006,2021-06-20 10:00:00
ACC00874,CUST00173,CURRENT,ACTIVE,2022-11-08,502920.89,BR001,2022-11-08 10:00:00
ACC00875,CUST00862,SALARY,ACTIVE,2021-09-21,176353.43,BR002,2021-09-21 10:00:00
ACC00876,CUST00716,SAVINGS,ACTIVE,2023-06-06,470211.09,BR004,2023-06-06 10:00:00
ACC00877,CUST00673,SAVINGS,ACTIVE,2022-11-23,170733.63,BR007,2022-11-23 10:00:00
ACC00878,CUST00969,SAVINGS,ACTIVE,2022-11-27,273692.91,BR007,2022-11-27 10:00:00
ACC00879,CUST00152,CURRENT,ACTIVE,2018-06-25,833443.84,BR002,2018-06-25 10:00:00
ACC00880,CUST00734,CURRENT,ACTIVE,2017-10-01,1150077.01,BR005,2017-10-01 10:00:00
ACC00881,CUST00805,SAVINGS,ACTIVE,2024-05-22,279948.08,BR001,2024-05-22 10:00:00
ACC00882,CUST00934,CURRENT,ACTIVE,2020-06-15,87532.38,BR004,2020-06-15 10:00:00
ACC00883,CUST00105,CURRENT,INACTIVE,2019-01-23,763361.22,BR006,2019-01-23 10:00:00
ACC00884,CUST00590,SAVINGS,ACTIVE,2019-09-08,12079.73,BR005,2019-09-08 10:00:00
ACC00885,CUST00506,SAVINGS,ACTIVE,2024-05-12,208932.01,BR002,2024-05-12 10:00:00
ACC00886,CUST00744,SAVINGS,ACTIVE,2022-11-06,116679.23,BR008,2022-11-06 10:00:00
ACC00887,CUST00371,SAVINGS,ACTIVE,2023-01-07,441119.36,BR003,2023-01-07 10:00:00
ACC00888,CUST00904,SAVINGS,ACTIVE,2023-02-01,457812.33,BR005,2023-02-01 10:00:00
ACC00889,CUST00526,SAVINGS,ACTIVE,2022-11-11,82032.0,BR004,2022-11-11 10:00:00
ACC00890,CUST00753,CURRENT,ACTIVE,2018-07-19,507410.67,BR005,2018-07-19 10:00:00
ACC00891,CUST00201,SAVINGS,ACTIVE,2023-11-22,16836.7,BR007,2023-11-22 10:00:00
ACC00892,CUST00299,SAVINGS,ACTIVE,2022-05-12,402806.32,BR004,2022-05-12 10:00:00
ACC00893,CUST00476,SAVINGS,ACTIVE,2020-07-18,416882.52,BR004,2020-07-18 10:00:00
ACC00894,CUST00741,SALARY,ACTIVE,2024-02-24,165004.02,BR004,2024-02-24 10:00:00
ACC00895,CUST00215,SAVINGS,INACTIVE,2022-09-27,110361.01,BR001,2022-09-27 10:00:00
ACC00896,CUST00067,SAVINGS,ACTIVE,2021-03-11,430528.11,BR004,2021-03-11 10:00:00
ACC00897,CUST00971,SAVINGS,ACTIVE,2020-03-02,230297.46,BR007,2020-03-02 10:00:00
ACC00898,CUST00495,CURRENT,ACTIVE,2022-12-29,733258.97,BR005,2022-12-29 10:00:00
ACC00899,CUST00713,CURRENT,ACTIVE,2019-10-20,139569.33,BR002,2019-10-20 10:00:00
ACC00900,CUST00453,SALARY,INACTIVE,2021-06-01,300722.26,BR005,2021-06-01 10:00:00
ACC00901,CUST00141,SALARY,ACTIVE,2020-03-07,256418.14,BR003,2020-03-07 10:00:00
ACC00902,CUST00592,SAVINGS,ACTIVE,2023-10-27,97415.76,BR007,2023-10-27 10:00:00
ACC00903,CUST00168,CURRENT,ACTIVE,2019-10-30,640793.37,BR001,2019-10-30 10:00:00
ACC00904,CUST00671,SAVINGS,ACTIVE,2021-07-31,152769.93,BR005,2021-07-31 10:00:00
ACC00905,CUST00469,SAVINGS,INACTIVE,2021-05-30,62361.7,BR001,2021-05-30 10:00:00
ACC00906,CUST00312,SALARY,INACTIVE,2018-07-19,9948.69,BR002,2018-07-19 10:00:00
ACC00907,CUST00727,CURRENT,ACTIVE,2024-03-12,427873.47,BR001,2024-03-12 10:00:00
ACC00908,CUST00871,CURRENT,ACTIVE,2019-07-08,342826.47,BR007,2019-07-08 10:00:00
ACC00909,CUST00056,CURRENT,ACTIVE,2024-04-24,662919.1,BR008,2024-04-24 10:00:00
ACC00910,CUST00825,SAVINGS,CLOSED,2024-01-23,448960.54,BR002,2024-01-23 10:00:00
ACC00911,CUST00952,SALARY,INACTIVE,2024-02-27,102141.17,BR008,2024-02-27 10:00:00
ACC00912,CUST00595,SAVINGS,ACTIVE,2024-05-07,137801.31,BR004,2024-05-07 10:00:00
ACC00913,CUST00811,SAVINGS,ACTIVE,2018-08-21,497929.13,BR001,2018-08-21 10:00:00
ACC00914,CUST00771,SALARY,ACTIVE,2019-12-09,197835.82,BR008,2019-12-09 10:00:00
ACC00915,CUST00332,CURRENT,ACTIVE,2024-05-24,94759.43,BR006,2024-05-24 10:00:00
ACC00916,CUST00135,SAVINGS,ACTIVE,2023-01-11,273433.89,BR006,2023-01-11 10:00:00
ACC00917,CUST00546,CURRENT,ACTIVE,2023-08-31,822631.35,BR006,2023-08-31 10:00:00
ACC00918,CUST00404,CURRENT,ACTIVE,2018-10-19,880812.39,BR006,2018-10-19 10:00:00
ACC00919,CUST00938,SAVINGS,ACTIVE,2024-02-02,75947.51,BR008,2024-02-02 10:00:00
ACC00920,CUST00078,CURRENT,ACTIVE,2023-01-20,152507.2,BR005,2023-01-20 10:00:00
ACC00921,CUST00956,SALARY,ACTIVE,2022-12-29,227685.13,BR008,2022-12-29 10:00:00
ACC00922,CUST00200,CURRENT,INACTIVE,2023-01-24,1337367.84,BR006,2023-01-24 10:00:00
ACC00923,CUST00231,SAVINGS,INACTIVE,2022-03-22,74662.62,BR006,2022-03-22 10:00:00
ACC00924,CUST00925,SAVINGS,ACTIVE,2024-01-26,425921.18,BR003,2024-01-26 10:00:00
ACC00925,CUST00539,SALARY,ACTIVE,2024-04-22,244159.11,BR002,2024-04-22 10:00:00
ACC00926,CUST00947,CURRENT,INACTIVE,2021-12-14,827395.19,BR002,2021-12-14 10:00:00
ACC00927,CUST00541,SAVINGS,ACTIVE,2022-06-27,370506.35,BR006,2022-06-27 10:00:00
ACC00928,CUST00074,SAVINGS,ACTIVE,2023-01-25,275354.23,BR007,2023-01-25 10:00:00
ACC00929,CUST00930,SAVINGS,ACTIVE,2020-12-15,289567.17,BR007,2020-12-15 10:00:00
ACC00930,CUST00072,CURRENT,CLOSED,2018-09-28,969692.29,BR008,2018-09-28 10:00:00
ACC00931,CUST00866,SAVINGS,ACTIVE,2023-07-15,96194.74,BR001,2023-07-15 10:00:00
ACC00932,CUST00357,SALARY,CLOSED,2023-06-20,175845.01,BR002,2023-06-20 10:00:00
ACC00933,CUST00904,CURRENT,ACTIVE,2024-02-19,624026.81,BR004,2024-02-19 10:00:00
ACC00934,CUST00695,SAVINGS,ACTIVE,2023-10-09,14194.04,BR001,2023-10-09 10:00:00
ACC00935,CUST00843,SAVINGS,ACTIVE,2023-12-03,341039.55,BR002,2023-12-03 10:00:00
ACC00936,CUST00346,SAVINGS,CLOSED,2019-10-29,472575.12,BR007,2019-10-29 10:00:00
ACC00937,CUST00953,SAVINGS,ACTIVE,2021-11-21,195404.29,BR004,2021-11-21 10:00:00
ACC00938,CUST00562,SAVINGS,ACTIVE,2024-01-30,318521.75,BR001,2024-01-30 10:00:00
ACC00939,CUST00023,CURRENT,CLOSED,2024-03-15,496456.97,BR001,2024-03-15 10:00:00
ACC00940,CUST00337,SAVINGS,ACTIVE,2023-04-15,377076.68,BR002,2023-04-15 10:00:00
ACC00941,CUST00961,SAVINGS,ACTIVE,2023-12-04,474688.35,BR008,2023-12-04 10:00:00
ACC00942,CUST00935,SALARY,ACTIVE,2024-04-08,173169.7,BR002,2024-04-08 10:00:00
ACC00943,CUST00676,SAVINGS,ACTIVE,2019-05-21,124581.29,BR002,2019-05-21 10:00:00
ACC00944,CUST00835,SAVINGS,ACTIVE,2024-01-22,302795.35,BR008,2024-01-22 10:00:00
ACC00945,CUST00307,SAVINGS,ACTIVE,2024-05-23,352759.94,BR008,2024-05-23 10:00:00
ACC00946,CUST00402,SAVINGS,ACTIVE,2018-09-09,342702.33,BR001,2018-09-09 10:00:00
ACC00947,CUST00745,SALARY,ACTIVE,2023-06-25,67525.48,BR005,2023-06-25 10:00:00
ACC00948,CUST00500,CURRENT,ACTIVE,2023-12-26,989210.92,BR001,2023-12-26 10:00:00
ACC00949,CUST00281,SAVINGS,ACTIVE,2022-01-30,246821.75,BR008,2022-01-30 10:00:00
ACC00950,CUST00295,SAVINGS,ACTIVE,2018-04-25,301557.37,BR007,2018-04-25 10:00:00
ACC00951,CUST00979,SAVINGS,ACTIVE,2021-10-27,101563.73,BR008,2021-10-27 10:00:00
ACC00952,CUST00887,SAVINGS,ACTIVE,2023-12-31,452941.46,BR007,2023-12-31 10:00:00
ACC00953,CUST00946,SAVINGS,ACTIVE,2022-03-19,433118.88,BR008,2022-03-19 10:00:00
ACC00954,CUST00054,SAVINGS,ACTIVE,2024-05-23,474150.47,BR002,2024-05-23 10:00:00
ACC00955,CUST00071,SAVINGS,ACTIVE,2022-11-29,220453.4,BR006,2022-11-29 10:00:00
ACC00956,CUST00718,CURRENT,ACTIVE,2023-12-11,1349091.96,BR006,2023-12-11 10:00:00
ACC00957,CUST00231,CURRENT,ACTIVE,2020-07-10,74466.87,BR007,2020-07-10 10:00:00
ACC00958,CUST00967,SAVINGS,ACTIVE,2018-02-11,45903.37,BR006,2018-02-11 10:00:00
ACC00959,CUST00730,SAVINGS,ACTIVE,2023-09-28,453541.58,BR003,2023-09-28 10:00:00
ACC00960,CUST00751,SAVINGS,ACTIVE,2022-09-04,95428.38,BR004,2022-09-04 10:00:00
ACC00961,CUST00672,SAVINGS,CLOSED,2023-09-15,279790.82,BR008,2023-09-15 10:00:00
ACC00962,CUST00216,SAVINGS,ACTIVE,2023-03-29,292104.95,BR002,2023-03-29 10:00:00
ACC00963,CUST00734,SAVINGS,ACTIVE,2018-02-09,151920.69,BR007,2018-02-09 10:00:00
ACC00964,CUST00989,SAVINGS,ACTIVE,2023-12-04,8552.3,BR005,2023-12-04 10:00:00
ACC00965,CUST00157,SAVINGS,ACTIVE,2022-11-16,161465.78,BR004,2022-11-16 10:00:00
ACC00966,CUST00342,SALARY,ACTIVE,2021-05-28,234092.54,BR008,2021-05-28 10:00:00
ACC00967,CUST00830,SAVINGS,ACTIVE,2021-08-05,277633.69,BR002,2021-08-05 10:00:00
ACC00968,CUST00484,SAVINGS,ACTIVE,2021-11-29,74837.8,BR002,2021-11-29 10:00:00
ACC00969,CUST00666,SAVINGS,CLOSED,2020-05-11,284163.31,BR004,2020-05-11 10:00:00
ACC00970,CUST00722,CURRENT,ACTIVE,2024-03-10,558540.71,BR004,2024-03-10 10:00:00
ACC00971,CUST00299,CURRENT,ACTIVE,2022-11-09,88290.64,BR006,2022-11-09 10:00:00
ACC00972,CUST00080,CURRENT,ACTIVE,2023-06-29,1096580.49,BR006,2023-06-29 10:00:00
ACC00973,CUST00019,SAVINGS,ACTIVE,2022-03-06,374932.73,BR003,2022-03-06 10:00:00
ACC00974,CUST00849,SAVINGS,INACTIVE,2021-06-20,444650.21,BR003,2021-06-20 10:00:00
ACC00975,CUST00647,SAVINGS,ACTIVE,2024-01-14,387116.84,BR007,2024-01-14 10:00:00
ACC00976,CUST00490,SAVINGS,ACTIVE,2023-03-08,44709.23,BR003,2023-03-08 10:00:00
ACC00977,CUST00588,CURRENT,ACTIVE,2021-03-09,605069.33,BR008,2021-03-09 10:00:00
ACC00978,CUST00724,CURRENT,CLOSED,2022-08-20,472657.91,BR006,2022-08-20 10:00:00
ACC00979,CUST00401,SALARY,INACTIVE,2024-03-04,181446.79,BR007,2024-03-04 10:00:00
ACC00980,CUST00281,CURRENT,ACTIVE,2022-06-28,1050493.1,BR003,2022-06-28 10:00:00
ACC00981,CUST00486,SAVINGS,ACTIVE,2021-08-21,487675.26,BR002,2021-08-21 10:00:00
ACC00982,CUST00422,SAVINGS,ACTIVE,2021-03-12,437688.88,BR004,2021-03-12 10:00:00
ACC00983,CUST00515,SAVINGS,INACTIVE,2023-04-17,284092.42,BR006,2023-04-17 10:00:00
ACC00984,CUST00204,SALARY,ACTIVE,2022-10-20,183596.76,BR007,2022-10-20 10:00:00
ACC00985,CUST00328,SAVINGS,ACTIVE,2024-03-10,330407.79,BR003,2024-03-10 10:00:00
ACC00986,CUST00614,CURRENT,ACTIVE,2021-03-17,1038477.49,BR006,2021-03-17 10:00:00
ACC00987,CUST00036,CURRENT,ACTIVE,2018-01-23,1202095.19,BR003,2018-01-23 10:00:00
ACC00988,CUST00720,SAVINGS,ACTIVE,2021-12-09,320201.19,BR004,2021-12-09 10:00:00
ACC00989,CUST00848,SAVINGS,ACTIVE,2023-04-28,93581.22,BR008,2023-04-28 10:00:00
ACC00990,CUST00821,SAVINGS,ACTIVE,2019-11-01,466410.75,BR008,2019-11-01 10:00:00
ACC00991,CUST00870,SAVINGS,ACTIVE,2023-04-28,38345.0,BR002,2023-04-28 10:00:00
ACC00992,CUST00161,SALARY,ACTIVE,2023-02-22,6127.14,BR004,2023-02-22 10:00:00
ACC00993,CUST00692,CURRENT,ACTIVE,2024-04-14,695771.83,BR005,2024-04-14 10:00:00
ACC00994,CUST00150,SAVINGS,ACTIVE,2023-02-12,27869.04,BR007,2023-02-12 10:00:00
ACC00995,CUST00291,CURRENT,ACTIVE,2020-07-04,727643.03,BR007,2020-07-04 10:00:00
ACC00996,CUST00616,SAVINGS,ACTIVE,2023-09-28,182264.13,BR001,2023-09-28 10:00:00
ACC00997,CUST00151,SAVINGS,ACTIVE,2019-10-27,275374.12,BR005,2019-10-27 10:00:00
ACC00998,CUST00467,SAVINGS,ACTIVE,2023-03-28,104434.14,BR001,2023-03-28 10:00:00
ACC00999,CUST00038,SAVINGS,ACTIVE,2024-03-13,360487.05,BR005,2024-03-13 10:00:00
ACC01000,CUST00036,SAVINGS,ACTIVE,2022-09-14,302821.49,BR005,2022-09-14 10:00:00
ACC01001,CUST00225,SALARY,ACTIVE,2018-09-26,57337.5,BR006,2018-09-26 10:00:00
ACC01002,CUST00858,CURRENT,ACTIVE,2022-10-25,324633.28,BR001,2022-10-25 10:00:00
ACC01003,CUST00304,SALARY,ACTIVE,2021-03-02,284294.87,BR002,2021-03-02 10:00:00
ACC01004,CUST00966,SAVINGS,ACTIVE,2018-02-25,122907.19,BR003,2018-02-25 10:00:00
ACC01005,CUST00836,SALARY,INACTIVE,2022-09-11,42048.48,BR004,2022-09-11 10:00:00
ACC01006,CUST00149,CURRENT,ACTIVE,2023-09-30,1278144.58,BR008,2023-09-30 10:00:00
ACC01007,CUST00324,SAVINGS,ACTIVE,2021-10-03,205745.97,BR008,2021-10-03 10:00:00
ACC01008,CUST00472,SAVINGS,ACTIVE,2021-09-05,425666.72,BR007,2021-09-05 10:00:00
ACC01009,CUST00283,SAVINGS,ACTIVE,2018-05-19,441198.64,BR008,2018-05-19 10:00:00
ACC01010,CUST00552,SAVINGS,INACTIVE,2021-06-26,162734.81,BR008,2021-06-26 10:00:00
ACC01011,CUST00222,SAVINGS,ACTIVE,2020-07-11,304260.58,BR006,2020-07-11 10:00:00
ACC01012,CUST00515,SAVINGS,ACTIVE,2023-09-05,86269.87,BR007,2023-09-05 10:00:00
ACC01013,CUST00110,SAVINGS,ACTIVE,2024-04-06,138885.53,BR005,2024-04-06 10:00:00
ACC01014,CUST00228,SALARY,ACTIVE,2023-08-08,336426.0,BR004,2023-08-08 10:00:00
ACC01015,CUST00605,CURRENT,ACTIVE,2024-03-24,1205148.44,BR007,2024-03-24 10:00:00
ACC01016,CUST00617,SAVINGS,ACTIVE,2023-05-18,246751.34,BR008,2023-05-18 10:00:00
ACC01017,CUST00680,SALARY,ACTIVE,2023-09-07,125139.37,BR005,2023-09-07 10:00:00
ACC01018,CUST00533,SAVINGS,CLOSED,2023-09-27,81153.85,BR004,2023-09-27 10:00:00
ACC01019,CUST00173,SALARY,ACTIVE,2024-03-30,284499.04,BR001,2024-03-30 10:00:00
ACC01020,CUST00895,SALARY,ACTIVE,2020-09-25,36040.51,BR003,2020-09-25 10:00:00
ACC01021,CUST00443,SAVINGS,ACTIVE,2022-03-20,127069.58,BR005,2022-03-20 10:00:00
ACC01022,CUST00696,SAVINGS,ACTIVE,2022-07-21,141060.45,BR003,2022-07-21 10:00:00
ACC01023,CUST00282,SAVINGS,ACTIVE,2022-07-13,35722.5,BR002,2022-07-13 10:00:00
ACC01024,CUST00748,CURRENT,ACTIVE,2018-04-19,450158.41,BR008,2018-04-19 10:00:00
ACC01025,CUST00655,SALARY,INACTIVE,2021-05-21,10927.73,BR004,2021-05-21 10:00:00
ACC01026,CUST00868,CURRENT,ACTIVE,2020-11-06,421840.09,BR003,2020-11-06 10:00:00
ACC01027,CUST00795,SAVINGS,ACTIVE,2024-04-12,381027.99,BR003,2024-04-12 10:00:00
ACC01028,CUST00192,SAVINGS,INACTIVE,2023-05-16,393986.91,BR006,2023-05-16 10:00:00
ACC01029,CUST00127,SALARY,ACTIVE,2020-11-29,285590.49,BR001,2020-11-29 10:00:00
ACC01030,CUST00637,SAVINGS,ACTIVE,2020-12-07,80064.93,BR003,2020-12-07 10:00:00
ACC01031,CUST00572,SAVINGS,ACTIVE,2022-10-27,287997.59,BR005,2022-10-27 10:00:00
ACC01032,CUST00779,SAVINGS,ACTIVE,2019-12-27,357431.27,BR003,2019-12-27 10:00:00
ACC01033,CUST00642,CURRENT,ACTIVE,2020-12-30,1474713.04,BR003,2020-12-30 10:00:00
ACC01034,CUST00261,SAVINGS,ACTIVE,2023-09-25,246253.37,BR007,2023-09-25 10:00:00
ACC01035,CUST00754,SAVINGS,ACTIVE,2024-02-21,481147.19,BR006,2024-02-21 10:00:00
ACC01036,CUST00238,CURRENT,ACTIVE,2022-06-02,1133656.11,BR007,2022-06-02 10:00:00
ACC01037,CUST00386,SAVINGS,INACTIVE,2018-06-07,402907.27,BR004,2018-06-07 10:00:00
ACC01038,CUST00697,SAVINGS,CLOSED,2024-02-12,150974.98,BR007,2024-02-12 10:00:00
ACC01039,CUST00830,SAVINGS,ACTIVE,2017-07-06,158986.23,BR004,2017-07-06 10:00:00
ACC01040,CUST00229,CURRENT,ACTIVE,2022-05-15,688662.14,BR003,2022-05-15 10:00:00
ACC01041,CUST00180,CURRENT,ACTIVE,2022-11-16,234915.11,BR004,2022-11-16 10:00:00
ACC01042,CUST00596,SALARY,ACTIVE,2023-09-22,165890.42,BR008,2023-09-22 10:00:00
ACC01043,CUST00437,SAVINGS,ACTIVE,2021-09-22,209360.51,BR001,2021-09-22 10:00:00
ACC01044,CUST00531,SAVINGS,ACTIVE,2023-07-07,461566.5,BR005,2023-07-07 10:00:00
ACC01045,CUST00458,SAVINGS,ACTIVE,2023-08-09,443805.65,BR007,2023-08-09 10:00:00
ACC01046,CUST00478,SAVINGS,ACTIVE,2023-10-27,276924.35,BR001,2023-10-27 10:00:00
ACC01047,CUST00895,SALARY,INACTIVE,2023-07-19,28375.7,BR006,2023-07-19 10:00:00
ACC01048,CUST00114,SAVINGS,INACTIVE,2022-07-17,8000.45,BR002,2022-07-17 10:00:00
ACC01049,CUST00692,SAVINGS,ACTIVE,2023-08-28,32293.76,BR004,2023-08-28 10:00:00
ACC01050,CUST00142,CURRENT,ACTIVE,2023-06-19,620032.78,BR008,2023-06-19 10:00:00
ACC01051,CUST00472,SAVINGS,ACTIVE,2021-08-02,27830.88,BR002,2021-08-02 10:00:00
ACC01052,CUST00459,SALARY,ACTIVE,2022-06-14,268455.68,BR001,2022-06-14 10:00:00
ACC01053,CUST00682,CURRENT,ACTIVE,2024-02-15,860367.1,BR002,2024-02-15 10:00:00
ACC01054,CUST00186,SALARY,ACTIVE,2021-11-25,118902.46,BR008,2021-11-25 10:00:00
ACC01055,CUST00031,CURRENT,ACTIVE,2018-05-18,234761.58,BR004,2018-05-18 10:00:00
ACC01056,CUST00279,SAVINGS,ACTIVE,2023-05-04,112068.18,BR001,2023-05-04 10:00:00
ACC01057,CUST00253,SAVINGS,CLOSED,2018-06-09,210642.0,BR004,2018-06-09 10:00:00
ACC01058,CUST00661,SAVINGS,ACTIVE,2019-12-02,214888.47,BR005,2019-12-02 10:00:00
ACC01059,CUST00528,SALARY,ACTIVE,2019-06-12,61370.05,BR001,2019-06-12 10:00:00
ACC01060,CUST00401,SAVINGS,ACTIVE,2023-11-21,111499.49,BR003,2023-11-21 10:00:00
ACC01061,CUST00575,SALARY,ACTIVE,2022-07-18,235948.91,BR006,2022-07-18 10:00:00
ACC01062,CUST00786,CURRENT,CLOSED,2023-07-18,1434610.93,BR005,2023-07-18 10:00:00
ACC01063,CUST00669,SAVINGS,ACTIVE,2023-05-07,316683.45,BR006,2023-05-07 10:00:00
ACC01064,CUST00329,SAVINGS,ACTIVE,2023-12-10,295915.34,BR005,2023-12-10 10:00:00
ACC01065,CUST00060,CURRENT,ACTIVE,2023-10-10,358643.37,BR001,2023-10-10 10:00:00
ACC01066,CUST00891,SAVINGS,ACTIVE,2024-04-24,152033.05,BR007,2024-04-24 10:00:00
ACC01067,CUST00562,SAVINGS,ACTIVE,2023-10-09,55482.16,BR003,2023-10-09 10:00:00
ACC01068,CUST00184,SAVINGS,ACTIVE,2020-09-02,440671.21,BR004,2020-09-02 10:00:00
ACC01069,CUST00789,SAVINGS,ACTIVE,2017-11-27,349447.41,BR006,2017-11-27 10:00:00
ACC01070,CUST00434,SAVINGS,ACTIVE,2023-11-26,151294.55,BR004,2023-11-26 10:00:00
ACC01071,CUST00162,SAVINGS,ACTIVE,2024-02-01,35494.5,BR006,2024-02-01 10:00:00
ACC01072,CUST00494,SALARY,ACTIVE,2020-04-25,286195.99,BR003,2020-04-25 10:00:00
ACC01073,CUST00550,SAVINGS,CLOSED,2020-12-27,468953.03,BR002,2020-12-27 10:00:00
ACC01074,CUST00237,SAVINGS,ACTIVE,2024-05-10,464098.17,BR007,2024-05-10 10:00:00
ACC01075,CUST00914,SAVINGS,ACTIVE,2022-09-23,145017.63,BR003,2022-09-23 10:00:00
ACC01076,CUST00384,SAVINGS,ACTIVE,2022-05-12,426966.3,BR002,2022-05-12 10:00:00
ACC01077,CUST00470,SAVINGS,ACTIVE,2015-08-29,77148.01,BR007,2015-08-29 10:00:00
ACC01078,CUST00473,SAVINGS,ACTIVE,2023-07-11,404529.0,BR003,2023-07-11 10:00:00
ACC01079,CUST00179,SALARY,ACTIVE,2023-11-07,16276.2,BR005,2023-11-07 10:00:00
ACC01080,CUST00330,SALARY,ACTIVE,2023-10-31,321738.83,BR006,2023-10-31 10:00:00
ACC01081,CUST00262,CURRENT,ACTIVE,2023-10-25,1341997.6,BR006,2023-10-25 10:00:00
ACC01082,CUST00066,SAVINGS,CLOSED,2022-03-17,494121.87,BR001,2022-03-17 10:00:00
ACC01083,CUST00944,CURRENT,ACTIVE,2021-07-19,1348157.8,BR008,2021-07-19 10:00:00
ACC01084,CUST00009,SAVINGS,ACTIVE,2023-11-26,418832.79,BR002,2023-11-26 10:00:00
ACC01085,CUST00294,CURRENT,ACTIVE,2018-09-25,706946.44,BR005,2018-09-25 10:00:00
ACC01086,CUST00400,SAVINGS,ACTIVE,2022-08-04,50319.79,BR004,2022-08-04 10:00:00
ACC01087,CUST00602,CURRENT,ACTIVE,2020-04-22,1005887.65,BR008,2020-04-22 10:00:00
ACC01088,CUST00761,CURRENT,ACTIVE,2022-09-23,476938.17,BR007,2022-09-23 10:00:00
ACC01089,CUST00764,SAVINGS,INACTIVE,2024-05-20,492337.84,BR005,2024-05-20 10:00:00
ACC01090,CUST00976,CURRENT,ACTIVE,2021-08-27,244363.35,BR003,2021-08-27 10:00:00
ACC01091,CUST00973,SAVINGS,ACTIVE,2020-08-26,75970.79,BR008,2020-08-26 10:00:00
ACC01092,CUST00548,SAVINGS,ACTIVE,2023-12-28,385757.44,BR006,2023-12-28 10:00:00
ACC01093,CUST00167,SAVINGS,ACTIVE,2023-08-28,206415.58,BR005,2023-08-28 10:00:00
ACC01094,CUST00820,SALARY,ACTIVE,2022-07-20,231382.67,BR006,2022-07-20 10:00:00
ACC01095,CUST00993,SAVINGS,ACTIVE,2023-12-25,26833.81,BR005,2023-12-25 10:00:00
ACC01096,CUST00479,SAVINGS,ACTIVE,2021-08-20,330018.9,BR007,2021-08-20 10:00:00
ACC01097,CUST00049,CURRENT,INACTIVE,2022-03-04,221032.3,BR006,2022-03-04 10:00:00
ACC01098,CUST00667,CURRENT,ACTIVE,2024-01-17,489312.86,BR003,2024-01-17 10:00:00
ACC01099,CUST00094,SAVINGS,ACTIVE,2022-07-06,209361.01,BR008,2022-07-06 10:00:00
ACC01100,CUST00738,SALARY,ACTIVE,2021-04-19,310055.6,BR004,2021-04-19 10:00:00
ACC01101,CUST00035,SAVINGS,ACTIVE,2022-11-15,453885.18,BR003,2022-11-15 10:00:00
ACC01102,CUST00660,SAVINGS,ACTIVE,2022-09-05,356404.2,BR006,2022-09-05 10:00:00
ACC01103,CUST00310,SAVINGS,ACTIVE,2023-02-09,102852.33,BR003,2023-02-09 10:00:00
ACC01104,CUST00385,SAVINGS,ACTIVE,2024-04-13,372666.1,BR005,2024-04-13 10:00:00
ACC01105,CUST00847,SAVINGS,INACTIVE,2023-10-12,307200.73,BR004,2023-10-12 10:00:00
ACC01106,CUST00863,SAVINGS,INACTIVE,2024-05-09,22114.05,BR005,2024-05-09 10:00:00
ACC01107,CUST00974,SAVINGS,ACTIVE,2015-08-05,144031.62,BR001,2015-08-05 10:00:00
ACC01108,CUST00926,SAVINGS,ACTIVE,2016-11-19,238572.49,BR007,2016-11-19 10:00:00
ACC01109,CUST00972,SALARY,INACTIVE,2022-07-11,323465.88,BR004,2022-07-11 10:00:00
ACC01110,CUST00675,SAVINGS,ACTIVE,2022-07-31,426451.95,BR004,2022-07-31 10:00:00
ACC01111,CUST00573,CURRENT,ACTIVE,2021-06-26,416414.72,BR004,2021-06-26 10:00:00
ACC01112,CUST00453,SAVINGS,CLOSED,2023-08-28,121392.53,BR001,2023-08-28 10:00:00
ACC01113,CUST00252,SAVINGS,CLOSED,2023-05-25,268790.67,BR007,2023-05-25 10:00:00
ACC01114,CUST00053,SAVINGS,INACTIVE,2021-08-26,385028.18,BR001,2021-08-26 10:00:00
ACC01115,CUST00285,SAVINGS,ACTIVE,2024-03-01,331491.07,BR005,2024-03-01 10:00:00
ACC01116,CUST00823,CURRENT,INACTIVE,2024-01-10,852113.2,BR006,2024-01-10 10:00:00
ACC01117,CUST00936,SAVINGS,ACTIVE,2023-02-25,343329.31,BR002,2023-02-25 10:00:00
ACC01118,CUST00007,SAVINGS,ACTIVE,2021-12-13,12793.72,BR003,2021-12-13 10:00:00
ACC01119,CUST00206,SALARY,ACTIVE,2018-08-30,231822.72,BR005,2018-08-30 10:00:00
ACC01120,CUST00677,SAVINGS,INACTIVE,2020-09-26,365257.99,BR006,2020-09-26 10:00:00
ACC01121,CUST00730,SAVINGS,INACTIVE,2023-11-01,498947.83,BR002,2023-11-01 10:00:00
ACC01122,CUST00118,SAVINGS,ACTIVE,2019-03-18,426882.57,BR001,2019-03-18 10:00:00
ACC01123,CUST00776,SALARY,ACTIVE,2023-07-03,337974.57,BR002,2023-07-03 10:00:00
ACC01124,CUST00817,CURRENT,ACTIVE,2022-12-18,1154849.69,BR008,2022-12-18 10:00:00
ACC01125,CUST00740,SAVINGS,ACTIVE,2024-03-05,140954.53,BR002,2024-03-05 10:00:00
ACC01126,CUST00491,SAVINGS,ACTIVE,2020-10-17,195470.64,BR004,2020-10-17 10:00:00
ACC01127,CUST00646,SAVINGS,ACTIVE,2022-10-09,455682.67,BR002,2022-10-09 10:00:00
ACC01128,CUST00703,SALARY,ACTIVE,2019-12-06,60317.24,BR004,2019-12-06 10:00:00
ACC01129,CUST00760,SAVINGS,INACTIVE,2023-11-11,177312.84,BR006,2023-11-11 10:00:00
ACC01130,CUST00690,SALARY,ACTIVE,2022-01-03,40731.44,BR007,2022-01-03 10:00:00
ACC01131,CUST00880,SAVINGS,ACTIVE,2023-08-23,243003.01,BR002,2023-08-23 10:00:00
ACC01132,CUST00012,SALARY,ACTIVE,2024-02-27,231673.87,BR008,2024-02-27 10:00:00
ACC01133,CUST00970,SAVINGS,ACTIVE,2023-04-30,322157.37,BR004,2023-04-30 10:00:00
ACC01134,CUST00996,SALARY,ACTIVE,2019-04-20,6284.0,BR006,2019-04-20 10:00:00
ACC01135,CUST00969,SAVINGS,ACTIVE,2022-09-30,325236.62,BR007,2022-09-30 10:00:00
ACC01136,CUST00361,CURRENT,ACTIVE,2023-03-15,1296460.1,BR002,2023-03-15 10:00:00
ACC01137,CUST00716,SAVINGS,ACTIVE,2023-12-06,281802.61,BR002,2023-12-06 10:00:00
ACC01138,CUST00414,SAVINGS,ACTIVE,2022-08-15,498077.5,BR006,2022-08-15 10:00:00
ACC01139,CUST00477,SAVINGS,ACTIVE,2024-05-03,418025.29,BR006,2024-05-03 10:00:00
ACC01140,CUST00433,SAVINGS,ACTIVE,2020-12-25,148492.03,BR002,2020-12-25 10:00:00
ACC01141,CUST00874,SAVINGS,ACTIVE,2022-08-22,348713.62,BR007,2022-08-22 10:00:00
ACC01142,CUST00086,SALARY,ACTIVE,2024-01-07,343552.04,BR006,2024-01-07 10:00:00
ACC01143,CUST00015,SAVINGS,ACTIVE,2021-08-27,204918.26,BR001,2021-08-27 10:00:00
ACC01144,CUST00545,SALARY,ACTIVE,2023-01-15,37111.31,BR003,2023-01-15 10:00:00
ACC01145,CUST00126,SALARY,ACTIVE,2017-09-13,130073.6,BR002,2017-09-13 10:00:00
ACC01146,CUST00020,SALARY,ACTIVE,2023-03-06,311500.89,BR003,2023-03-06 10:00:00
ACC01147,CUST00207,SAVINGS,ACTIVE,2018-07-15,117680.89,BR005,2018-07-15 10:00:00
ACC01148,CUST00994,SAVINGS,ACTIVE,2024-02-07,456704.17,BR002,2024-02-07 10:00:00
ACC01149,CUST00623,CURRENT,ACTIVE,2024-02-25,1308693.12,BR005,2024-02-25 10:00:00
ACC01150,CUST00481,SALARY,ACTIVE,2023-05-28,313887.41,BR001,2023-05-28 10:00:00
ACC01151,CUST00061,SAVINGS,INACTIVE,2023-04-06,329804.01,BR005,2023-04-06 10:00:00
ACC01152,CUST00701,CURRENT,ACTIVE,2016-10-18,1424751.14,BR001,2016-10-18 10:00:00
ACC01153,CUST00132,SAVINGS,ACTIVE,2022-03-16,405226.54,BR007,2022-03-16 10:00:00
ACC01154,CUST00567,SAVINGS,ACTIVE,2023-08-23,469979.44,BR004,2023-08-23 10:00:00
ACC01155,CUST00256,SAVINGS,ACTIVE,2022-07-08,459286.17,BR002,2022-07-08 10:00:00
ACC01156,CUST00212,CURRENT,ACTIVE,2019-08-26,1099904.27,BR003,2019-08-26 10:00:00
ACC01157,CUST00176,SAVINGS,CLOSED,2024-02-14,256068.02,BR007,2024-02-14 10:00:00
ACC01158,CUST00601,SAVINGS,ACTIVE,2021-08-13,289403.65,BR004,2021-08-13 10:00:00
ACC01159,CUST00211,SAVINGS,ACTIVE,2021-07-14,107476.24,BR007,2021-07-14 10:00:00
ACC01160,CUST00341,SAVINGS,ACTIVE,2022-04-15,70264.73,BR007,2022-04-15 10:00:00
ACC01161,CUST00312,SALARY,ACTIVE,2019-05-20,217652.77,BR002,2019-05-20 10:00:00
ACC01162,CUST00903,CURRENT,ACTIVE,2022-08-24,759073.92,BR002,2022-08-24 10:00:00
ACC01163,CUST00655,SAVINGS,ACTIVE,2021-06-25,346421.73,BR003,2021-06-25 10:00:00
ACC01164,CUST00532,CURRENT,ACTIVE,2023-09-07,391950.7,BR001,2023-09-07 10:00:00
ACC01165,CUST00393,SAVINGS,ACTIVE,2022-07-22,366298.11,BR007,2022-07-22 10:00:00
ACC01166,CUST00375,SAVINGS,ACTIVE,2020-10-28,288350.93,BR004,2020-10-28 10:00:00
ACC01167,CUST00121,CURRENT,ACTIVE,2018-06-19,634699.86,BR006,2018-06-19 10:00:00
ACC01168,CUST00412,SAVINGS,ACTIVE,2021-07-20,434728.57,BR006,2021-07-20 10:00:00
ACC01169,CUST00381,SALARY,ACTIVE,2021-05-21,239708.51,BR008,2021-05-21 10:00:00
ACC01170,CUST00940,CURRENT,INACTIVE,2020-06-08,330002.66,BR006,2020-06-08 10:00:00
ACC01171,CUST00768,SAVINGS,ACTIVE,2023-08-17,123277.33,BR008,2023-08-17 10:00:00
ACC01172,CUST00923,SALARY,ACTIVE,2021-03-29,6054.8,BR008,2021-03-29 10:00:00
ACC01173,CUST00226,SAVINGS,ACTIVE,2020-12-10,374791.35,BR005,2020-12-10 10:00:00
ACC01174,CUST00275,SAVINGS,ACTIVE,2023-07-04,72497.19,BR005,2023-07-04 10:00:00
ACC01175,CUST00373,SAVINGS,ACTIVE,2022-12-04,393383.37,BR002,2022-12-04 10:00:00
ACC01176,CUST00997,SAVINGS,ACTIVE,2023-05-24,226048.18,BR005,2023-05-24 10:00:00
ACC01177,CUST00406,CURRENT,CLOSED,2020-12-01,261675.98,BR004,2020-12-01 10:00:00
ACC01178,CUST00276,SAVINGS,ACTIVE,2020-02-10,323497.13,BR007,2020-02-10 10:00:00
ACC01179,CUST00382,SAVINGS,INACTIVE,2021-10-28,321839.53,BR003,2021-10-28 10:00:00
ACC01180,CUST00969,SAVINGS,ACTIVE,2023-08-03,129268.56,BR002,2023-08-03 10:00:00
ACC01181,CUST00318,SAVINGS,ACTIVE,2020-09-08,373835.46,BR001,2020-09-08 10:00:00
ACC01182,CUST00350,SAVINGS,CLOSED,2022-07-18,122509.82,BR005,2022-07-18 10:00:00
ACC01183,CUST00883,SAVINGS,ACTIVE,2023-03-31,428285.45,BR003,2023-03-31 10:00:00
ACC01184,CUST00844,CURRENT,CLOSED,2022-10-24,244917.05,BR001,2022-10-24 10:00:00
ACC01185,CUST00854,SAVINGS,ACTIVE,2021-12-06,211313.76,BR006,2021-12-06 10:00:00
ACC01186,CUST00479,SAVINGS,ACTIVE,2017-08-27,366977.92,BR007,2017-08-27 10:00:00
ACC01187,CUST00856,SAVINGS,ACTIVE,2023-03-06,101734.69,BR007,2023-03-06 10:00:00
ACC01188,CUST00901,CURRENT,CLOSED,2023-08-23,856932.46,BR002,2023-08-23 10:00:00
ACC01189,CUST00199,SAVINGS,ACTIVE,2023-03-19,164045.74,BR006,2023-03-19 10:00:00
ACC01190,CUST00004,SAVINGS,ACTIVE,2024-04-22,168381.02,BR004,2024-04-22 10:00:00
ACC01191,CUST00521,SAVINGS,ACTIVE,2017-11-11,53838.23,BR003,2017-11-11 10:00:00
ACC01192,CUST00345,SAVINGS,INACTIVE,2023-12-17,234873.73,BR002,2023-12-17 10:00:00
ACC01193,CUST00014,SAVINGS,CLOSED,2023-12-20,222037.38,BR003,2023-12-20 10:00:00
ACC01194,CUST00715,SAVINGS,ACTIVE,2019-08-02,50685.95,BR005,2019-08-02 10:00:00
ACC01195,CUST00134,SAVINGS,ACTIVE,2018-06-23,495679.5,BR008,2018-06-23 10:00:00
ACC01196,CUST00430,SALARY,ACTIVE,2024-05-29,86664.78,BR002,2024-05-29 10:00:00
ACC01197,CUST00551,SAVINGS,ACTIVE,2024-03-30,269603.32,BR004,2024-03-30 10:00:00
ACC01198,CUST00293,SAVINGS,ACTIVE,2024-02-21,85601.27,BR001,2024-02-21 10:00:00
ACC01199,CUST00706,SALARY,ACTIVE,2023-04-01,279524.19,BR006,2023-04-01 10:00:00
ACC01200,CUST00834,SAVINGS,ACTIVE,2020-07-29,462593.5,BR005,2020-07-29 10:00:00
ACC01201,CUST00224,SAVINGS,ACTIVE,2023-03-16,377280.38,BR003,2023-03-16 10:00:00
ACC01202,CUST00183,SAVINGS,ACTIVE,2022-12-13,286922.85,BR005,2022-12-13 10:00:00
ACC01203,CUST00843,SAVINGS,ACTIVE,2017-11-05,369393.81,BR003,2017-11-05 10:00:00
ACC01204,CUST00096,SAVINGS,ACTIVE,2021-05-09,149262.48,BR001,2021-05-09 10:00:00
ACC01205,CUST00307,CURRENT,ACTIVE,2020-10-15,71449.08,BR004,2020-10-15 10:00:00
ACC01206,CUST00931,SAVINGS,ACTIVE,2023-04-28,151547.84,BR007,2023-04-28 10:00:00
ACC01207,CUST00368,SAVINGS,ACTIVE,2023-12-08,81636.76,BR007,2023-12-08 10:00:00
ACC01208,CUST00618,SAVINGS,ACTIVE,2021-02-27,89610.13,BR007,2021-02-27 10:00:00
ACC01209,CUST00619,SAVINGS,ACTIVE,2023-12-13,38923.48,BR007,2023-12-13 10:00:00
ACC01210,CUST00518,SAVINGS,ACTIVE,2022-02-12,134904.7,BR006,2022-02-12 10:00:00
ACC01211,CUST00875,SALARY,ACTIVE,2022-10-30,188832.48,BR004,2022-10-30 10:00:00
ACC01212,CUST00340,SALARY,ACTIVE,2022-06-20,293658.06,BR008,2022-06-20 10:00:00
ACC01213,CUST00867,SAVINGS,ACTIVE,2019-03-14,463291.02,BR001,2019-03-14 10:00:00
ACC01214,CUST00387,SAVINGS,ACTIVE,2024-05-07,233772.02,BR002,2024-05-07 10:00:00
ACC01215,CUST00087,SALARY,ACTIVE,2018-06-28,315786.67,BR004,2018-06-28 10:00:00
ACC01216,CUST00165,CURRENT,ACTIVE,2020-08-04,851095.65,BR007,2020-08-04 10:00:00
ACC01217,CUST00512,SALARY,ACTIVE,2017-12-14,23226.94,BR003,2017-12-14 10:00:00
ACC01218,CUST00815,SAVINGS,ACTIVE,2021-01-31,122140.25,BR001,2021-01-31 10:00:00
ACC01219,CUST00788,SAVINGS,ACTIVE,2019-01-23,122643.63,BR002,2019-01-23 10:00:00
ACC01220,CUST00190,SAVINGS,ACTIVE,2023-09-29,132417.25,BR003,2023-09-29 10:00:00
ACC01221,CUST00240,CURRENT,ACTIVE,2021-08-16,1279111.39,BR004,2021-08-16 10:00:00
ACC01222,CUST00026,SAVINGS,ACTIVE,2024-03-11,46968.09,BR003,2024-03-11 10:00:00
ACC01223,CUST00331,CURRENT,ACTIVE,2023-09-18,959935.35,BR002,2023-09-18 10:00:00
ACC01224,CUST00428,CURRENT,ACTIVE,2018-09-03,1029974.93,BR006,2018-09-03 10:00:00
ACC01225,CUST00507,SAVINGS,ACTIVE,2016-12-02,388213.87,BR001,2016-12-02 10:00:00
ACC01226,CUST00521,SALARY,ACTIVE,2017-12-11,116261.33,BR002,2017-12-11 10:00:00
ACC01227,CUST00302,SAVINGS,ACTIVE,2024-05-05,51384.65,BR006,2024-05-05 10:00:00
ACC01228,CUST00933,SAVINGS,ACTIVE,2022-06-06,15356.03,BR003,2022-06-06 10:00:00
ACC01229,CUST00536,SALARY,ACTIVE,2023-12-31,44729.36,BR005,2023-12-31 10:00:00
ACC01230,CUST00303,CURRENT,ACTIVE,2017-12-11,830018.47,BR003,2017-12-11 10:00:00
ACC01231,CUST00280,CURRENT,ACTIVE,2021-11-20,448596.11,BR002,2021-11-20 10:00:00
ACC01232,CUST00741,SAVINGS,ACTIVE,2024-01-18,251954.17,BR001,2024-01-18 10:00:00
ACC01233,CUST00071,SAVINGS,ACTIVE,2024-04-07,218758.24,BR001,2024-04-07 10:00:00
ACC01234,CUST00979,SAVINGS,ACTIVE,2022-11-09,443181.9,BR007,2022-11-09 10:00:00
ACC01235,CUST00729,SAVINGS,ACTIVE,2022-01-31,362639.87,BR005,2022-01-31 10:00:00
ACC01236,CUST00506,SAVINGS,ACTIVE,2023-12-27,63663.81,BR007,2023-12-27 10:00:00
ACC01237,CUST00602,SAVINGS,ACTIVE,2019-01-24,495357.1,BR006,2019-01-24 10:00:00
ACC01238,CUST00790,CURRENT,ACTIVE,2017-05-15,1183081.36,BR007,2017-05-15 10:00:00
ACC01239,CUST00119,CURRENT,ACTIVE,2019-02-04,946899.94,BR001,2019-02-04 10:00:00
ACC01240,CUST00755,SAVINGS,ACTIVE,2022-08-28,428372.75,BR008,2022-08-28 10:00:00
ACC01241,CUST00804,CURRENT,ACTIVE,2018-07-29,1164240.55,BR003,2018-07-29 10:00:00
ACC01242,CUST00884,SAVINGS,ACTIVE,2021-03-18,464248.95,BR007,2021-03-18 10:00:00
ACC01243,CUST00714,SAVINGS,ACTIVE,2022-11-17,457829.38,BR001,2022-11-17 10:00:00
ACC01244,CUST00523,SAVINGS,ACTIVE,2023-09-16,90778.92,BR008,2023-09-16 10:00:00
ACC01245,CUST00894,SAVINGS,INACTIVE,2023-10-21,98943.46,BR004,2023-10-21 10:00:00
ACC01246,CUST00398,SAVINGS,ACTIVE,2023-04-07,123008.03,BR002,2023-04-07 10:00:00
ACC01247,CUST00333,SAVINGS,ACTIVE,2023-10-21,363679.83,BR005,2023-10-21 10:00:00
ACC01248,CUST00234,SAVINGS,ACTIVE,2023-12-31,440024.44,BR003,2023-12-31 10:00:00
ACC01249,CUST00789,SAVINGS,ACTIVE,2022-09-23,216867.3,BR002,2022-09-23 10:00:00
ACC01250,CUST00551,SAVINGS,ACTIVE,2018-06-16,232327.73,BR001,2018-06-16 10:00:00
ACC01251,CUST00080,CURRENT,ACTIVE,2023-01-16,600074.26,BR006,2023-01-16 10:00:00
ACC01252,CUST00838,SALARY,ACTIVE,2019-10-07,303864.34,BR001,2019-10-07 10:00:00
ACC01253,CUST00146,SAVINGS,ACTIVE,2023-01-03,338686.08,BR006,2023-01-03 10:00:00
ACC01254,CUST00364,SAVINGS,ACTIVE,2023-02-01,479711.17,BR001,2023-02-01 10:00:00
ACC01255,CUST00631,CURRENT,ACTIVE,2020-10-27,631507.65,BR005,2020-10-27 10:00:00
ACC01256,CUST00810,SALARY,ACTIVE,2024-03-13,179299.64,BR001,2024-03-13 10:00:00
ACC01257,CUST00787,CURRENT,ACTIVE,2022-01-21,381129.0,BR003,2022-01-21 10:00:00
ACC01258,CUST00765,CURRENT,ACTIVE,2023-12-15,1459402.27,BR008,2023-12-15 10:00:00
ACC01259,CUST00809,CURRENT,ACTIVE,2023-09-23,80372.95,BR001,2023-09-23 10:00:00
ACC01260,CUST00103,SALARY,ACTIVE,2021-02-07,321187.64,BR004,2021-02-07 10:00:00
ACC01261,CUST00829,SALARY,ACTIVE,2020-07-07,290841.32,BR005,2020-07-07 10:00:00
ACC01262,CUST00767,SAVINGS,INACTIVE,2017-11-25,198873.2,BR004,2017-11-25 10:00:00
ACC01263,CUST00767,CURRENT,ACTIVE,2017-07-16,164497.96,BR008,2017-07-16 10:00:00
ACC01264,CUST00733,SAVINGS,ACTIVE,2022-09-16,273328.01,BR004,2022-09-16 10:00:00
ACC01265,CUST00027,SAVINGS,ACTIVE,2022-03-04,247559.08,BR003,2022-03-04 10:00:00
ACC01266,CUST00009,SAVINGS,ACTIVE,2022-10-23,22007.54,BR007,2022-10-23 10:00:00
ACC01267,CUST00286,SALARY,ACTIVE,2019-09-12,321754.99,BR008,2019-09-12 10:00:00
ACC01268,CUST00317,CURRENT,ACTIVE,2021-10-09,165578.99,BR007,2021-10-09 10:00:00
ACC01269,CUST00401,CURRENT,ACTIVE,2024-03-18,1340440.25,BR001,2024-03-18 10:00:00
ACC01270,CUST00962,SALARY,ACTIVE,2015-12-23,349055.77,BR001,2015-12-23 10:00:00
ACC01271,CUST00280,SAVINGS,ACTIVE,2021-03-12,58227.28,BR003,2021-03-12 10:00:00
ACC01272,CUST00683,CURRENT,ACTIVE,2022-12-11,385469.11,BR007,2022-12-11 10:00:00
ACC01273,CUST00148,SAVINGS,ACTIVE,2021-11-28,133783.86,BR005,2021-11-28 10:00:00
ACC01274,CUST00985,CURRENT,ACTIVE,2022-06-06,1377091.37,BR004,2022-06-06 10:00:00
ACC01275,CUST00066,SAVINGS,ACTIVE,2022-12-12,69128.33,BR001,2022-12-12 10:00:00
ACC01276,CUST00166,SAVINGS,ACTIVE,2020-10-04,435743.69,BR005,2020-10-04 10:00:00
ACC01277,CUST00769,SAVINGS,ACTIVE,2021-10-12,200008.56,BR008,2021-10-12 10:00:00
ACC01278,CUST00581,SAVINGS,ACTIVE,2021-11-04,378869.29,BR007,2021-11-04 10:00:00
ACC01279,CUST00929,SAVINGS,ACTIVE,2018-09-08,470946.07,BR003,2018-09-08 10:00:00
ACC01280,CUST00627,SAVINGS,ACTIVE,2022-01-02,170503.11,BR002,2022-01-02 10:00:00
ACC01281,CUST00950,SAVINGS,INACTIVE,2023-08-01,373642.8,BR005,2023-08-01 10:00:00
ACC01282,CUST00780,SAVINGS,ACTIVE,2024-03-24,374204.8,BR006,2024-03-24 10:00:00
ACC01283,CUST00527,CURRENT,ACTIVE,2021-12-07,375531.77,BR007,2021-12-07 10:00:00
ACC01284,CUST00799,SAVINGS,CLOSED,2023-07-02,25563.31,BR002,2023-07-02 10:00:00
ACC01285,CUST00557,SAVINGS,ACTIVE,2021-04-26,469575.5,BR004,2021-04-26 10:00:00
ACC01286,CUST00313,SALARY,ACTIVE,2018-05-16,129656.12,BR007,2018-05-16 10:00:00
ACC01287,CUST00081,SALARY,ACTIVE,2023-11-28,138268.02,BR008,2023-11-28 10:00:00
ACC01288,CUST00602,SAVINGS,INACTIVE,2018-11-23,52223.01,BR003,2018-11-23 10:00:00
ACC01289,CUST00615,CURRENT,ACTIVE,2023-04-30,549798.13,BR007,2023-04-30 10:00:00
ACC01290,CUST00171,SAVINGS,ACTIVE,2022-06-23,56614.91,BR008,2022-06-23 10:00:00
ACC01291,CUST00876,SAVINGS,ACTIVE,2024-04-28,73441.41,BR004,2024-04-28 10:00:00
ACC01292,CUST00011,SALARY,ACTIVE,2021-10-09,263633.85,BR001,2021-10-09 10:00:00
ACC01293,CUST00041,SAVINGS,ACTIVE,2021-04-29,4967.11,BR008,2021-04-29 10:00:00
ACC01294,CUST00079,CURRENT,ACTIVE,2020-04-23,728408.15,BR003,2020-04-23 10:00:00
ACC01295,CUST00320,SAVINGS,ACTIVE,2023-09-26,188715.54,BR002,2023-09-26 10:00:00
ACC01296,CUST00888,SAVINGS,ACTIVE,2021-05-13,346326.12,BR001,2021-05-13 10:00:00
ACC01297,CUST00584,CURRENT,ACTIVE,2020-12-02,1489955.99,BR002,2020-12-02 10:00:00
ACC01298,CUST00810,CURRENT,ACTIVE,2020-04-15,1404068.35,BR008,2020-04-15 10:00:00
ACC01299,CUST00866,SALARY,ACTIVE,2016-12-11,143985.0,BR007,2016-12-11 10:00:00
ACC01300,CUST00904,CURRENT,ACTIVE,2023-08-09,1307630.49,BR005,2023-08-09 10:00:00
ACC01301,CUST00965,CURRENT,ACTIVE,2024-01-04,910458.27,BR008,2024-01-04 10:00:00
ACC01302,CUST00128,SAVINGS,ACTIVE,2022-12-22,268794.14,BR006,2022-12-22 10:00:00
ACC01303,CUST00774,SAVINGS,ACTIVE,2023-07-27,125979.9,BR006,2023-07-27 10:00:00
ACC01304,CUST00816,SAVINGS,ACTIVE,2024-01-10,443950.86,BR004,2024-01-10 10:00:00
ACC01305,CUST00737,SALARY,INACTIVE,2020-07-18,68809.34,BR004,2020-07-18 10:00:00
ACC01306,CUST00164,SAVINGS,ACTIVE,2023-09-28,203595.56,BR001,2023-09-28 10:00:00
ACC01307,CUST00986,SAVINGS,ACTIVE,2023-07-06,237806.33,BR007,2023-07-06 10:00:00
ACC01308,CUST00557,CURRENT,ACTIVE,2023-07-24,1459205.27,BR001,2023-07-24 10:00:00
ACC01309,CUST00413,CURRENT,ACTIVE,2023-08-13,481515.09,BR004,2023-08-13 10:00:00
ACC01310,CUST00785,SAVINGS,ACTIVE,2023-06-20,332115.3,BR006,2023-06-20 10:00:00
ACC01311,CUST00919,CURRENT,INACTIVE,2023-11-02,229321.52,BR001,2023-11-02 10:00:00
ACC01312,CUST00440,CURRENT,CLOSED,2021-08-01,1348444.92,BR007,2021-08-01 10:00:00
ACC01313,CUST00585,SALARY,ACTIVE,2024-01-18,316275.73,BR007,2024-01-18 10:00:00
ACC01314,CUST00621,SAVINGS,ACTIVE,2020-01-08,204599.89,BR006,2020-01-08 10:00:00
ACC01315,CUST00510,SAVINGS,ACTIVE,2020-06-16,49014.95,BR007,2020-06-16 10:00:00
ACC01316,CUST00401,SAVINGS,ACTIVE,2024-04-14,38720.07,BR004,2024-04-14 10:00:00
ACC01317,CUST00362,SAVINGS,ACTIVE,2020-04-16,51380.76,BR003,2020-04-16 10:00:00
ACC01318,CUST00869,CURRENT,ACTIVE,2019-04-05,867972.85,BR002,2019-04-05 10:00:00
ACC01319,CUST00502,SAVINGS,ACTIVE,2021-09-17,200838.57,BR003,2021-09-17 10:00:00
ACC01320,CUST00405,SAVINGS,ACTIVE,2021-05-01,425257.36,BR005,2021-05-01 10:00:00
ACC01321,CUST00337,CURRENT,ACTIVE,2021-04-20,1252981.69,BR003,2021-04-20 10:00:00
ACC01322,CUST00638,SAVINGS,ACTIVE,2018-02-11,334688.88,BR007,2018-02-11 10:00:00
ACC01323,CUST00957,CURRENT,INACTIVE,2021-05-22,117342.32,BR001,2021-05-22 10:00:00
ACC01324,CUST00873,SAVINGS,CLOSED,2021-10-25,253189.92,BR002,2021-10-25 10:00:00
ACC01325,CUST00161,SAVINGS,ACTIVE,2022-06-28,412221.37,BR001,2022-06-28 10:00:00
ACC01326,CUST00225,SAVINGS,ACTIVE,2022-01-01,30353.16,BR005,2022-01-01 10:00:00
ACC01327,CUST00484,SAVINGS,ACTIVE,2017-01-05,429273.82,BR006,2017-01-05 10:00:00
ACC01328,CUST00253,SAVINGS,ACTIVE,2018-03-30,431792.0,BR004,2018-03-30 10:00:00
ACC01329,CUST00196,SALARY,INACTIVE,2022-08-08,221307.3,BR001,2022-08-08 10:00:00
ACC01330,CUST00798,CURRENT,ACTIVE,2021-09-13,423429.22,BR008,2021-09-13 10:00:00
ACC01331,CUST00473,SAVINGS,ACTIVE,2021-04-07,83250.36,BR008,2021-04-07 10:00:00
ACC01332,CUST00367,SALARY,ACTIVE,2024-04-13,302740.62,BR003,2024-04-13 10:00:00
ACC01333,CUST00258,SAVINGS,ACTIVE,2024-05-26,399836.83,BR008,2024-05-26 10:00:00
ACC01334,CUST00188,CURRENT,ACTIVE,2024-02-17,592097.94,BR001,2024-02-17 10:00:00
ACC01335,CUST00290,SALARY,ACTIVE,2021-06-08,270344.03,BR005,2021-06-08 10:00:00
ACC01336,CUST00979,SAVINGS,INACTIVE,2024-05-19,133242.54,BR004,2024-05-19 10:00:00
ACC01337,CUST00107,SAVINGS,ACTIVE,2021-12-21,468777.74,BR006,2021-12-21 10:00:00
ACC01338,CUST00395,SAVINGS,INACTIVE,2022-09-27,174008.71,BR007,2022-09-27 10:00:00
ACC01339,CUST00144,SAVINGS,ACTIVE,2022-09-06,233466.88,BR004,2022-09-06 10:00:00
ACC01340,CUST00172,CURRENT,INACTIVE,2022-06-15,1025098.23,BR002,2022-06-15 10:00:00
ACC01341,CUST00133,CURRENT,ACTIVE,2019-09-12,347834.83,BR007,2019-09-12 10:00:00
ACC01342,CUST00013,SAVINGS,ACTIVE,2023-11-30,160583.58,BR008,2023-11-30 10:00:00
ACC01343,CUST00401,SAVINGS,ACTIVE,2024-02-01,189550.6,BR004,2024-02-01 10:00:00
ACC01344,CUST00906,SAVINGS,ACTIVE,2023-09-24,155281.38,BR001,2023-09-24 10:00:00
ACC01345,CUST00376,CURRENT,ACTIVE,2023-02-25,501458.43,BR003,2023-02-25 10:00:00
ACC01346,CUST00659,SALARY,ACTIVE,2019-02-09,340712.11,BR002,2019-02-09 10:00:00
ACC01347,CUST00598,SAVINGS,ACTIVE,2023-12-11,120162.49,BR004,2023-12-11 10:00:00
ACC01348,CUST00782,CURRENT,ACTIVE,2021-05-11,718837.09,BR002,2021-05-11 10:00:00
ACC01349,CUST00487,SALARY,INACTIVE,2024-04-24,277873.2,BR003,2024-04-24 10:00:00
ACC01350,CUST00456,SALARY,ACTIVE,2021-10-08,225476.55,BR008,2021-10-08 10:00:00
ACC01351,CUST00509,SALARY,ACTIVE,2023-07-27,40306.6,BR004,2023-07-27 10:00:00
ACC01352,CUST00111,SAVINGS,INACTIVE,2021-02-14,87880.76,BR006,2021-02-14 10:00:00
ACC01353,CUST00234,CURRENT,ACTIVE,2024-04-09,369950.16,BR007,2024-04-09 10:00:00
ACC01354,CUST00422,SALARY,ACTIVE,2024-04-14,191079.17,BR002,2024-04-14 10:00:00
ACC01355,CUST00497,CURRENT,ACTIVE,2023-10-16,1493974.72,BR007,2023-10-16 10:00:00
ACC01356,CUST00702,SAVINGS,ACTIVE,2023-10-08,479984.27,BR001,2023-10-08 10:00:00
ACC01357,CUST00679,SAVINGS,ACTIVE,2024-04-27,360293.51,BR007,2024-04-27 10:00:00
ACC01358,CUST00470,SAVINGS,INACTIVE,2016-11-24,228152.93,BR001,2016-11-24 10:00:00
ACC01359,CUST00049,SAVINGS,INACTIVE,2019-10-11,450405.48,BR003,2019-10-11 10:00:00
ACC01360,CUST00591,SALARY,ACTIVE,2016-01-14,134760.31,BR003,2016-01-14 10:00:00
ACC01361,CUST00457,SAVINGS,ACTIVE,2021-07-30,113894.34,BR006,2021-07-30 10:00:00
ACC01362,CUST00850,SAVINGS,ACTIVE,2022-10-10,340176.69,BR006,2022-10-10 10:00:00
ACC01363,CUST00236,SAVINGS,ACTIVE,2023-10-17,468686.73,BR005,2023-10-17 10:00:00
ACC01364,CUST00082,SAVINGS,ACTIVE,2021-08-13,262611.64,BR003,2021-08-13 10:00:00
ACC01365,CUST00208,SAVINGS,ACTIVE,2020-02-15,285013.85,BR008,2020-02-15 10:00:00
ACC01366,CUST00651,CURRENT,CLOSED,2022-06-21,896183.25,BR005,2022-06-21 10:00:00
ACC01367,CUST00570,SAVINGS,ACTIVE,2024-04-05,146180.03,BR001,2024-04-05 10:00:00
ACC01368,CUST00275,SALARY,ACTIVE,2024-05-22,18036.91,BR006,2024-05-22 10:00:00
ACC01369,CUST00674,CURRENT,CLOSED,2024-01-10,1101214.27,BR007,2024-01-10 10:00:00
ACC01370,CUST00909,SALARY,ACTIVE,2023-11-09,91516.1,BR005,2023-11-09 10:00:00
ACC01371,CUST00143,CURRENT,ACTIVE,2024-05-08,523138.41,BR002,2024-05-08 10:00:00
ACC01372,CUST00488,CURRENT,ACTIVE,2024-02-26,948447.12,BR008,2024-02-26 10:00:00
ACC01373,CUST00078,SALARY,ACTIVE,2021-12-10,244871.73,BR008,2021-12-10 10:00:00
ACC01374,CUST00589,SAVINGS,INACTIVE,2021-05-24,447860.04,BR007,2021-05-24 10:00:00
ACC01375,CUST00419,SAVINGS,ACTIVE,2022-07-17,385130.88,BR003,2022-07-17 10:00:00
ACC01376,CUST00770,SAVINGS,ACTIVE,2021-05-04,191773.03,BR002,2021-05-04 10:00:00
ACC01377,CUST00311,SALARY,ACTIVE,2022-05-21,233973.81,BR008,2022-05-21 10:00:00
ACC01378,CUST00915,SAVINGS,ACTIVE,2021-08-21,272133.45,BR007,2021-08-21 10:00:00
ACC01379,CUST00608,SAVINGS,ACTIVE,2017-01-28,418929.89,BR003,2017-01-28 10:00:00
ACC01380,CUST00383,SAVINGS,ACTIVE,2023-04-30,497110.47,BR001,2023-04-30 10:00:00
ACC01381,CUST00732,CURRENT,ACTIVE,2023-05-04,25965.57,BR003,2023-05-04 10:00:00
ACC01382,CUST00282,CURRENT,ACTIVE,2021-09-05,101511.23,BR005,2021-09-05 10:00:00
ACC01383,CUST00123,SALARY,ACTIVE,2020-02-17,265670.67,BR007,2020-02-17 10:00:00
ACC01384,CUST00163,SAVINGS,ACTIVE,2023-09-05,229676.14,BR001,2023-09-05 10:00:00
ACC01385,CUST00934,SAVINGS,ACTIVE,2018-03-23,450133.96,BR003,2018-03-23 10:00:00
ACC01386,CUST00499,CURRENT,ACTIVE,2022-07-11,420775.6,BR003,2022-07-11 10:00:00
ACC01387,CUST00878,SALARY,ACTIVE,2023-12-24,140953.12,BR003,2023-12-24 10:00:00
ACC01388,CUST00485,SAVINGS,ACTIVE,2021-07-05,94880.22,BR004,2021-07-05 10:00:00
ACC01389,CUST00633,CURRENT,ACTIVE,2024-03-06,1115556.77,BR005,2024-03-06 10:00:00
ACC01390,CUST00255,CURRENT,ACTIVE,2018-02-11,1302780.9,BR004,2018-02-11 10:00:00
ACC01391,CUST00706,SAVINGS,INACTIVE,2024-03-31,467431.82,BR006,2024-03-31 10:00:00
ACC01392,CUST00044,SAVINGS,ACTIVE,2024-03-20,341063.42,BR006,2024-03-20 10:00:00
ACC01393,CUST00740,SAVINGS,ACTIVE,2023-10-22,91004.54,BR006,2023-10-22 10:00:00
ACC01394,CUST00028,SAVINGS,CLOSED,2020-06-16,203316.58,BR004,2020-06-16 10:00:00
ACC01395,CUST00855,SALARY,ACTIVE,2023-08-12,214738.46,BR006,2023-08-12 10:00:00
ACC01396,CUST00411,SAVINGS,INACTIVE,2023-11-24,55339.79,BR007,2023-11-24 10:00:00
ACC01397,CUST00477,SAVINGS,ACTIVE,2022-10-06,246091.98,BR005,2022-10-06 10:00:00
ACC01398,CUST00487,SALARY,INACTIVE,2024-03-09,116909.84,BR006,2024-03-09 10:00:00
ACC01399,CUST00224,CURRENT,ACTIVE,2022-10-25,1241671.44,BR004,2022-10-25 10:00:00
ACC01400,CUST00784,SAVINGS,ACTIVE,2023-09-04,62188.94,BR002,2023-09-04 10:00:00
ACC01401,CUST00920,SALARY,ACTIVE,2022-09-20,211655.36,BR003,2022-09-20 10:00:00
ACC01402,CUST00756,SAVINGS,ACTIVE,2024-05-18,168473.53,BR004,2024-05-18 10:00:00
ACC01403,CUST00112,SAVINGS,ACTIVE,2020-09-12,107067.47,BR005,2020-09-12 10:00:00
ACC01404,CUST00037,SAVINGS,ACTIVE,2022-10-16,165067.0,BR006,2022-10-16 10:00:00
ACC01405,CUST00687,SAVINGS,ACTIVE,2023-01-27,184639.79,BR004,2023-01-27 10:00:00
ACC01406,CUST00139,CURRENT,ACTIVE,2023-09-12,168632.39,BR007,2023-09-12 10:00:00
ACC01407,CUST00988,SAVINGS,ACTIVE,2022-01-24,480000.6,BR005,2022-01-24 10:00:00
ACC01408,CUST00256,SALARY,ACTIVE,2022-06-17,281821.97,BR005,2022-06-17 10:00:00
ACC01409,CUST00652,SALARY,ACTIVE,2018-06-03,272835.13,BR003,2018-06-03 10:00:00
ACC01410,CUST00108,SAVINGS,ACTIVE,2016-05-24,348799.24,BR008,2016-05-24 10:00:00
ACC01411,CUST00887,SAVINGS,ACTIVE,2018-02-21,379487.99,BR001,2018-02-21 10:00:00
ACC01412,CUST00360,SAVINGS,ACTIVE,2023-08-12,264574.59,BR006,2023-08-12 10:00:00
ACC01413,CUST00681,SAVINGS,INACTIVE,2023-08-12,279809.78,BR007,2023-08-12 10:00:00
ACC01414,CUST00273,SAVINGS,CLOSED,2024-03-13,387030.46,BR007,2024-03-13 10:00:00
ACC01415,CUST00644,CURRENT,ACTIVE,2023-02-08,437318.67,BR003,2023-02-08 10:00:00
ACC01416,CUST00796,SAVINGS,ACTIVE,2024-05-18,170299.45,BR005,2024-05-18 10:00:00
ACC01417,CUST00133,SAVINGS,ACTIVE,2022-05-13,212427.4,BR006,2022-05-13 10:00:00
ACC01418,CUST00665,CURRENT,ACTIVE,2022-09-16,287218.29,BR003,2022-09-16 10:00:00
ACC01419,CUST00582,SAVINGS,ACTIVE,2022-07-04,483898.11,BR007,2022-07-04 10:00:00
ACC01420,CUST00195,SALARY,ACTIVE,2024-04-03,7158.86,BR001,2024-04-03 10:00:00
ACC01421,CUST00516,SAVINGS,ACTIVE,2020-05-24,320484.61,BR004,2020-05-24 10:00:00
ACC01422,CUST00352,SAVINGS,ACTIVE,2021-10-10,400157.77,BR006,2021-10-10 10:00:00
ACC01423,CUST00529,SAVINGS,ACTIVE,2021-07-07,241563.27,BR004,2021-07-07 10:00:00
ACC01424,CUST00560,CURRENT,ACTIVE,2023-02-02,1030942.53,BR005,2023-02-02 10:00:00
ACC01425,CUST00209,SAVINGS,INACTIVE,2024-05-11,309412.01,BR007,2024-05-11 10:00:00
ACC01426,CUST00712,SAVINGS,CLOSED,2023-03-17,74176.01,BR004,2023-03-17 10:00:00
ACC01427,CUST00976,SAVINGS,INACTIVE,2023-06-29,221929.25,BR005,2023-06-29 10:00:00
ACC01428,CUST00618,CURRENT,ACTIVE,2015-04-03,216361.43,BR003,2015-04-03 10:00:00
ACC01429,CUST00842,SALARY,ACTIVE,2022-06-18,186410.54,BR003,2022-06-18 10:00:00
ACC01430,CUST00448,CURRENT,ACTIVE,2016-09-12,1112143.11,BR004,2016-09-12 10:00:00
ACC01431,CUST00138,CURRENT,ACTIVE,2019-07-31,1321029.43,BR001,2019-07-31 10:00:00
ACC01432,CUST00090,CURRENT,ACTIVE,2018-12-29,581305.59,BR001,2018-12-29 10:00:00
ACC01433,CUST00756,SALARY,ACTIVE,2024-03-05,95524.68,BR003,2024-03-05 10:00:00
ACC01434,CUST00537,SAVINGS,ACTIVE,2023-10-16,14552.13,BR003,2023-10-16 10:00:00
ACC01435,CUST00620,CURRENT,ACTIVE,2024-02-14,153460.54,BR008,2024-02-14 10:00:00
ACC01436,CUST00571,SAVINGS,ACTIVE,2021-01-03,241339.59,BR006,2021-01-03 10:00:00
ACC01437,CUST00662,SAVINGS,CLOSED,2024-05-26,314797.93,BR008,2024-05-26 10:00:00
ACC01438,CUST00136,SAVINGS,ACTIVE,2023-09-23,164403.53,BR002,2023-09-23 10:00:00
ACC01439,CUST00451,SAVINGS,ACTIVE,2024-03-30,192750.36,BR004,2024-03-30 10:00:00
ACC01440,CUST00940,CURRENT,ACTIVE,2020-11-02,1084476.4,BR002,2020-11-02 10:00:00
ACC01441,CUST00436,CURRENT,ACTIVE,2022-02-06,1039037.19,BR004,2022-02-06 10:00:00
ACC01442,CUST00798,SAVINGS,ACTIVE,2020-12-30,463083.0,BR003,2020-12-30 10:00:00
ACC01443,CUST00025,SALARY,INACTIVE,2022-06-16,67717.29,BR003,2022-06-16 10:00:00
ACC01444,CUST00648,SAVINGS,ACTIVE,2023-01-22,109014.0,BR007,2023-01-22 10:00:00
ACC01445,CUST00503,SALARY,CLOSED,2023-09-05,152349.52,BR006,2023-09-05 10:00:00
ACC01446,CUST00824,CURRENT,ACTIVE,2023-05-07,472217.86,BR003,2023-05-07 10:00:00
ACC01447,CUST00031,SAVINGS,ACTIVE,2024-02-02,183436.92,BR004,2024-02-02 10:00:00
ACC01448,CUST00356,CURRENT,INACTIVE,2023-09-25,324700.1,BR005,2023-09-25 10:00:00
ACC01449,CUST00663,SAVINGS,ACTIVE,2024-04-10,369214.68,BR008,2024-04-10 10:00:00
ACC01450,CUST00731,SAVINGS,ACTIVE,2018-05-06,125449.81,BR001,2018-05-06 10:00:00
ACC01451,CUST00217,SAVINGS,ACTIVE,2019-06-16,289860.44,BR008,2019-06-16 10:00:00
ACC01452,CUST00438,CURRENT,ACTIVE,2022-04-09,1342576.06,BR008,2022-04-09 10:00:00
ACC01453,CUST00476,SAVINGS,ACTIVE,2022-02-17,37266.53,BR001,2022-02-17 10:00:00
ACC01454,CUST00248,SAVINGS,ACTIVE,2023-01-14,380473.45,BR008,2023-01-14 10:00:00
ACC01455,CUST00877,CURRENT,ACTIVE,2024-04-07,1345689.52,BR006,2024-04-07 10:00:00
ACC01456,CUST00810,SAVINGS,CLOSED,2024-01-26,123406.03,BR003,2024-01-26 10:00:00
ACC01457,CUST00040,SAVINGS,ACTIVE,2016-02-22,69521.36,BR006,2016-02-22 10:00:00
ACC01458,CUST00425,SAVINGS,ACTIVE,2023-11-18,29509.58,BR004,2023-11-18 10:00:00
ACC01459,CUST00466,SAVINGS,INACTIVE,2018-09-07,381095.89,BR008,2018-09-07 10:00:00
ACC01460,CUST00389,CURRENT,INACTIVE,2022-11-15,789970.39,BR008,2022-11-15 10:00:00
ACC01461,CUST00012,SAVINGS,ACTIVE,2023-08-17,361717.13,BR006,2023-08-17 10:00:00
ACC01462,CUST00670,CURRENT,ACTIVE,2023-11-02,965205.02,BR007,2023-11-02 10:00:00
ACC01463,CUST00661,SALARY,ACTIVE,2024-03-29,263959.36,BR001,2024-03-29 10:00:00
ACC01464,CUST00670,SAVINGS,ACTIVE,2023-12-05,120052.95,BR007,2023-12-05 10:00:00
ACC01465,CUST00221,CURRENT,ACTIVE,2024-03-01,871432.17,BR002,2024-03-01 10:00:00
ACC01466,CUST00911,SAVINGS,ACTIVE,2022-06-23,477161.86,BR002,2022-06-23 10:00:00
ACC01467,CUST00852,SAVINGS,ACTIVE,2024-01-11,85821.34,BR006,2024-01-11 10:00:00
ACC01468,CUST00091,CURRENT,ACTIVE,2019-08-06,730003.89,BR004,2019-08-06 10:00:00
ACC01469,CUST00343,SAVINGS,ACTIVE,2023-12-19,4943.96,BR007,2023-12-19 10:00:00
ACC01470,CUST00344,SALARY,ACTIVE,2023-09-14,209752.31,BR002,2023-09-14 10:00:00
ACC01471,CUST00830,CURRENT,ACTIVE,2021-09-15,96414.28,BR003,2021-09-15 10:00:00
ACC01472,CUST00198,CURRENT,ACTIVE,2020-11-10,199166.84,BR008,2020-11-10 10:00:00
ACC01473,CUST00452,SAVINGS,ACTIVE,2017-10-10,29117.97,BR002,2017-10-10 10:00:00
ACC01474,CUST00130,SAVINGS,ACTIVE,2019-08-02,66927.48,BR003,2019-08-02 10:00:00
ACC01475,CUST00469,SAVINGS,ACTIVE,2020-06-10,224629.27,BR006,2020-06-10 10:00:00
ACC01476,CUST00939,CURRENT,INACTIVE,2023-02-22,1400293.56,BR004,2023-02-22 10:00:00
ACC01477,CUST00394,SALARY,ACTIVE,2021-02-05,17772.94,BR004,2021-02-05 10:00:00
ACC01478,CUST00691,SAVINGS,ACTIVE,2024-01-30,9171.01,BR003,2024-01-30 10:00:00
ACC01479,CUST00030,SAVINGS,INACTIVE,2024-05-21,152478.92,BR002,2024-05-21 10:00:00
ACC01480,CUST00058,SAVINGS,ACTIVE,2017-07-15,52478.19,BR005,2017-07-15 10:00:00
ACC01481,CUST00864,SAVINGS,ACTIVE,2023-07-14,313610.83,BR003,2023-07-14 10:00:00
ACC01482,CUST00033,SALARY,INACTIVE,2023-05-17,343784.43,BR003,2023-05-17 10:00:00
ACC01483,CUST00188,SAVINGS,ACTIVE,2019-01-20,420395.71,BR004,2019-01-20 10:00:00
ACC01484,CUST00410,CURRENT,ACTIVE,2019-06-04,1089321.95,BR002,2019-06-04 10:00:00
ACC01485,CUST00489,CURRENT,ACTIVE,2023-10-04,1212909.18,BR004,2023-10-04 10:00:00
ACC01486,CUST00768,CURRENT,ACTIVE,2022-09-26,214099.91,BR008,2022-09-26 10:00:00
ACC01487,CUST00512,CURRENT,ACTIVE,2019-01-02,1454106.12,BR002,2019-01-02 10:00:00
ACC01488,CUST00414,SAVINGS,ACTIVE,2020-06-09,275973.25,BR006,2020-06-09 10:00:00
ACC01489,CUST00773,SAVINGS,ACTIVE,2023-05-22,107976.27,BR001,2023-05-22 10:00:00
ACC01490,CUST00100,SAVINGS,ACTIVE,2022-12-13,15258.66,BR008,2022-12-13 10:00:00
ACC01491,CUST00010,SALARY,ACTIVE,2021-07-12,216916.65,BR008,2021-07-12 10:00:00
ACC01492,CUST00158,SAVINGS,ACTIVE,2019-03-10,85260.04,BR001,2019-03-10 10:00:00
ACC01493,CUST00108,SAVINGS,ACTIVE,2015-12-26,217032.89,BR001,2015-12-26 10:00:00
ACC01494,CUST00910,SAVINGS,ACTIVE,2019-05-30,266695.98,BR002,2019-05-30 10:00:00
ACC01495,CUST00632,SAVINGS,ACTIVE,2024-05-01,81402.73,BR001,2024-05-01 10:00:00
ACC01496,CUST00420,SAVINGS,ACTIVE,2021-12-05,18610.53,BR001,2021-12-05 10:00:00
ACC01497,CUST00800,SAVINGS,ACTIVE,2023-09-24,478403.06,BR008,2023-09-24 10:00:00
ACC01498,CUST00211,SAVINGS,INACTIVE,2020-03-03,312395.94,BR006,2020-03-03 10:00:00
ACC01499,CUST00356,SAVINGS,ACTIVE,2021-07-30,187554.97,BR007,2021-07-30 10:00:00
ACC01500,CUST00182,CURRENT,INACTIVE,2020-04-29,732367.96,BR002,2020-04-29 10:00:00
