customer_id,first_name,last_name,date_of_birth,gender,email,phone,city,state,postal_code,customer_since,customer_status,created_at
CUST00001,Aarav,Mehta,1971-12-21,MALE,aarav.mehta1@randommail.com,+91 993341057,Kochi,Kerala,682001,2016-02-24,ACTIVE,2016-02-24 09:00:00
CUST00002,Sunil,Mukherjee,1952-11-07,MALE,sunil.mukherjee2@randommail.com,+91 982571945,Hyderabad,Telangana,500001,2017-08-10,ACTIVE,2017-08-10 09:00:00
CUST00003,Deepak,Gupta,1998-11-21,MALE,deepak.gupta3@randommail.com,+91 884698379,Ahmedabad,Gujarat,380001,2021-08-10,ACTIVE,2021-08-10 09:00:00
CUST00004,Arjun,Mukherjee,1980-07-11,MALE,arjun.mukherjee4@randommail.com,+91 943608513,Hyderabad,Telangana,500001,2023-07-25,ACTIVE,2023-07-25 09:00:00
CUST00005,Rohan,Iyer,1982-03-17,MALE,rohan.iyer5@randommail.com,+91 935437923,Mumbai,Maharashtra,400001,2023-03-08,ACTIVE,2023-03-08 09:00:00
CUST00006,Rohan,Patel,1999-07-12,MALE,rohan.patel6@randommail.com,+91 947067228,Lucknow,Uttar Pradesh,226001,2017-02-26,ACTIVE,2017-02-26 09:00:00
CUST00007,Karan,Joshi,1975-12-18,MALE,karan.joshi7@randommail.com,+91 974905582,Delhi,Delhi,110001,2019-04-06,ACTIVE,2019-04-06 09:00:00
CUST00008,Kavya,Chatterjee,1981-11-15,FEMALE,kavya.chatterjee8@randommail.com,+91 995479144,Kochi,Kerala,682001,2022-08-31,ACTIVE,2022-08-31 09:00:00
CUST00009,Deepak,Joshi,1964-08-29,MALE,deepak.joshi9@randommail.com,+91 707366205,Chennai,Tamil Nadu,600001,2022-03-06,ACTIVE,2022-03-06 09:00:00
CUST00010,Karan,Nair,1955-01-07,MALE,karan.nair10@randommail.com,+91 991538552,Kolkata,West Bengal,700001,2019-07-02,ACTIVE,2019-07-02 09:00:00
CUST00011,Sunil,Nair,1969-01-28,MALE,sunil.nair11@randommail.com,+91 707637601,Chandigarh,Punjab,160017,2020-02-23,ACTIVE,2020-02-23 09:00:00
CUST00012,Ganesh,Bhatt,1998-05-10,MALE,ganesh.bhatt12@randommail.com,+91 948187926,Lucknow,Uttar Pradesh,226001,2019-06-24,ACTIVE,2019-06-24 09:00:00
CUST00013,Pravin,Kulkarni,1958-02-26,MALE,pravin.kulkarni13@randommail.com,+91 982839607,Bengaluru,Karnataka,560001,2022-01-14,ACTIVE,2022-01-14 09:00:00
CUST00014,Divya,Patel,1984-07-09,FEMALE,divya.patel14@randommail.com,+91 888852574,Jaipur,Rajasthan,302001,2017-10-26,INACTIVE,2017-10-26 09:00:00
CUST00015,Karan,Iyer,1998-03-05,MALE,karan.iyer15@randommail.com,+91 946707197,Delhi,Delhi,110001,2018-04-17,ACTIVE,2018-04-17 09:00:00
CUST00016,Aadhya,Mehta,1994-11-29,FEMALE,aadhya.mehta16@randommail.com,+91 969517485,Delhi,Delhi,110001,2022-01-05,ACTIVE,2022-01-05 09:00:00
CUST00017,Sai,Chatterjee,1964-06-29,MALE,sai.chatterjee17@randommail.com,+91 986438436,Ahmedabad,Gujarat,380001,2015-03-21,ACTIVE,2015-03-21 09:00:00
CUST00018,Sunita,Joshi,1955-03-14,FEMALE,sunita.joshi18@randommail.com,+91 992321324,Delhi,Delhi,110001,2023-03-17,ACTIVE,2023-03-17 09:00:00
CUST00019,Deepak,Singh,1961-07-09,MALE,deepak.singh19@randommail.com,+91 703770370,Chennai,Tamil Nadu,600001,2020-12-01,ACTIVE,2020-12-01 09:00:00
CUST00020,Sneha,Bhatt,1968-01-18,FEMALE,sneha.bhatt20@randommail.com,+91 947693979,Chandigarh,Punjab,160017,2022-04-15,ACTIVE,2022-04-15 09:00:00
CUST00021,Priya,Joshi,1970-02-27,FEMALE,priya.joshi21@randommail.com,+91 976672134,Mumbai,Maharashtra,400001,2021-08-06,ACTIVE,2021-08-06 09:00:00
CUST00022,Aarav,Patel,1955-04-14,MALE,aarav.patel22@randommail.com,,Mumbai,Maharashtra,400001,2018-09-15,ACTIVE,2018-09-15 09:00:00
CUST00023,Rajesh,Shah,1993-07-20,MALE,rajesh.shah23@randommail.com,,Kochi,Kerala,682001,2021-05-27,ACTIVE,2021-05-27 09:00:00
CUST00024,Vijay,Mukherjee,1967-01-31,MALE,vijay.mukherjee24@randommail.com,+91 972626229,Chandigarh,Punjab,160017,2019-11-01,ACTIVE,2019-11-01 09:00:00
CUST00025,Swati,Verma,1958-10-30,FEMALE,swati.verma25@randommail.com,+91 987754864,Kochi,Kerala,682001,2018-10-21,ACTIVE,2018-10-21 09:00:00
CUST00026,Ganesh,Gupta,1967-01-24,MALE,ganesh.gupta26@randommail.com,+91 703351868,Pune,Maharashtra,411001,2017-01-21,ACTIVE,2017-01-21 09:00:00
CUST00027,Vivaan,Reddy,1999-05-17,MALE,vivaan.reddy27@randommail.com,+91 971848731,Chandigarh,Punjab,160017,2021-01-23,ACTIVE,2021-01-23 09:00:00
CUST00028,Ganesh,Kumar,1986-06-18,MALE,ganesh.kumar28@randommail.com,+91 709075854,Hyderabad,Telangana,500001,2019-07-01,ACTIVE,2019-07-01 09:00:00
CUST00029,Rohan,Sharma,1985-01-10,MALE,rohan.sharma29@randommail.com,+91 948633773,Chennai,Tamil Nadu,600001,2019-09-29,ACTIVE,2019-09-29 09:00:00
CUST00030,Ishani,Gupta,1976-08-14,FEMALE,ishani.gupta30@randommail.com,+91 991981186,Lucknow,Uttar Pradesh,226001,2023-04-02,ACTIVE,2023-04-02 09:00:00
CUST00031,Diya,Verma,2002-05-30,FEMALE,,+91 709436429,Jaipur,Rajasthan,302001,2016-10-06,ACTIVE,2016-10-06 09:00:00
CUST00032,Arjun,Patel,2003-05-21,MALE,arjun.patel32@randommail.com,+91 974946066,Pune,Maharashtra,411001,2016-05-06,INACTIVE,2016-05-06 09:00:00
CUST00033,Sunil,Aggarwal,1953-07-26,MALE,sunil.aggarwal33@randommail.com,+91 978033426,Chandigarh,Punjab,160017,2021-07-18,ACTIVE,2021-07-18 09:00:00
CUST00034,Meera,Gupta,1978-03-10,FEMALE,meera.gupta34@randommail.com,+91 995456272,Pune,Maharashtra,411001,2016-06-20,ACTIVE,2016-06-20 09:00:00
CUST00035,Swati,Nair,1956-07-05,FEMALE,swati.nair35@randommail.com,+91 988688755,Lucknow,Uttar Pradesh,226001,2021-04-25,INACTIVE,2021-04-25 09:00:00
CUST00036,Deepak,Gupta,1995-05-21,MALE,deepak.gupta36@randommail.com,+91 943222252,Kolkata,West Bengal,700001,2015-10-09,ACTIVE,2015-10-09 09:00:00
CUST00037,Sunita,Kumar,1989-04-24,FEMALE,sunita.kumar37@randommail.com,+91 949874152,Mumbai,Maharashtra,400001,2022-06-28,ACTIVE,2022-06-28 09:00:00
CUST00038,Radhika,Iyer,1962-01-18,FEMALE,radhika.iyer38@randommail.com,+91 942936571,Delhi,Delhi,110001,2023-04-29,ACTIVE,2023-04-29 09:00:00
CUST00039,Sunita,Aggarwal,1968-11-23,FEMALE,sunita.aggarwal39@randommail.com,+91 934415796,Chandigarh,Punjab,160017,2022-02-10,ACTIVE,2022-02-10 09:00:00
CUST00040,Meera,Verma,1958-04-13,FEMALE,meera.verma40@randommail.com,+91 885641923,Mumbai,Maharashtra,400001,2015-01-15,ACTIVE,2015-01-15 09:00:00
CUST00041,Alok,Mehta,1964-06-30,MALE,alok.mehta41@randommail.com,+91 708175395,Jaipur,Rajasthan,302001,2015-02-09,ACTIVE,2015-02-09 09:00:00
CUST00042,Deepak,Verma,1983-02-15,MALE,deepak.verma42@randommail.com,+91 968210624,Bengaluru,Karnataka,560001,2015-06-21,ACTIVE,2015-06-21 09:00:00
CUST00043,Vikram,Gupta,1972-05-21,MALE,vikram.gupta43@randommail.com,+91 976933742,Jaipur,Rajasthan,302001,2019-07-23,INACTIVE,2019-07-23 09:00:00
CUST00044,Ganesh,Kumar,1965-11-19,MALE,ganesh.kumar44@randommail.com,+91 881415846,Bengaluru,Karnataka,560001,2023-04-05,INACTIVE,2023-04-05 09:00:00
CUST00045,Radhika,Joshi,1973-12-08,FEMALE,,+91 962813543,Pune,Maharashtra,411001,2015-06-08,ACTIVE,2015-06-08 09:00:00
CUST00046,Reyansh,Reddy,1981-05-15,MALE,reyansh.reddy46@randommail.com,+91 944818418,Hyderabad,Telangana,500001,2015-04-07,ACTIVE,2015-04-07 09:00:00
CUST00047,Anita,Mehta,1956-03-24,FEMALE,anita.mehta47@randommail.com,+91 946891254,Chandigarh,Punjab,160017,2020-09-17,ACTIVE,2020-09-17 09:00:00
CUST00048,Aadhya,Iyer,1973-06-08,FEMALE,aadhya.iyer48@randommail.com,+91 965453786,Mumbai,Maharashtra,400001,2016-03-20,ACTIVE,2016-03-20 09:00:00
CUST00049,Anita,Mukherjee,2004-05-21,FEMALE,anita.mukherjee49@randommail.com,+91 977462506,Lucknow,Uttar Pradesh,226001,2017-02-17,ACTIVE,2017-02-17 09:00:00
CUST00050,Aadhya,Deshmukh,1998-04-22,FEMALE,aadhya.deshmukh50@randommail.com,+91 997110622,Pune,Maharashtra,411001,2015-10-14,INACTIVE,2015-10-14 09:00:00
CUST00051,Divya,Nair,1961-03-07,FEMALE,divya.nair51@randommail.com,+91 949508103,Chennai,Tamil Nadu,600001,2022-06-24,ACTIVE,2022-06-24 09:00:00
CUST00052,Bhavna,Rao,1999-09-27,FEMALE,bhavna.rao52@randommail.com,+91 964218542,Pune,Maharashtra,411001,2022-06-16,INACTIVE,2022-06-16 09:00:00
CUST00053,Manish,Chowdhury,1976-12-31,MALE,manish.chowdhury53@randommail.com,+91 881006810,Chennai,Tamil Nadu,600001,2018-03-21,ACTIVE,2018-03-21 09:00:00
CUST00054,Swati,Reddy,1989-09-01,FEMALE,swati.reddy54@randommail.com,+91 999576076,Ahmedabad,Gujarat,380001,2023-11-26,ACTIVE,2023-11-26 09:00:00
CUST00055,Karan,Patel,1975-06-18,MALE,karan.patel55@randommail.com,+91 932566777,Hyderabad,Telangana,500001,2022-07-18,ACTIVE,2022-07-18 09:00:00
CUST00056,Sai,Sharma,1954-02-23,MALE,sai.sharma56@randommail.com,+91 998971465,Lucknow,Uttar Pradesh,226001,2023-08-14,ACTIVE,2023-08-14 09:00:00
CUST00057,Shalini,Chowdhury,1967-06-12,FEMALE,shalini.chowdhury57@randommail.com,+91 889294272,Pune,Maharashtra,411001,2017-09-26,ACTIVE,2017-09-26 09:00:00
CUST00058,Aditya,Mukherjee,1969-08-19,MALE,aditya.mukherjee58@randommail.com,+91 969689889,Ahmedabad,Gujarat,380001,2015-07-25,ACTIVE,2015-07-25 09:00:00
CUST00059,Rahul,Singh,1991-09-08,MALE,rahul.singh59@randommail.com,+91 938425149,Lucknow,Uttar Pradesh,226001,2023-01-25,ACTIVE,2023-01-25 09:00:00
CUST00060,Preeti,Reddy,1964-04-12,FEMALE,preeti.reddy60@randommail.com,+91 708550917,Chennai,Tamil Nadu,600001,2023-06-07,ACTIVE,2023-06-07 09:00:00
CUST00061,Lakshmi,Kulkarni,1971-06-19,FEMALE,lakshmi.kulkarni61@randommail.com,+91 948379837,Delhi,Delhi,110001,2023-01-01,ACTIVE,2023-01-01 09:00:00
CUST00062,Anita,Nair,1998-06-17,FEMALE,anita.nair62@randommail.com,+91 973321531,Bengaluru,Karnataka,560001,2017-08-05,ACTIVE,2017-08-05 09:00:00
CUST00063,Nitin,Gupta,1955-10-06,MALE,nitin.gupta63@randommail.com,+91 887838382,Kolkata,West Bengal,700001,2021-01-31,ACTIVE,2021-01-31 09:00:00
CUST00064,Reyansh,Mukherjee,1984-12-10,MALE,reyansh.mukherjee64@randommail.com,+91 987381734,Ahmedabad,Gujarat,380001,2015-01-25,INACTIVE,2015-01-25 09:00:00
CUST00065,Deepika,Mukherjee,1998-04-15,FEMALE,deepika.mukherjee65@randommail.com,+91 999191131,Hyderabad,Telangana,500001,2018-01-22,ACTIVE,2018-01-22 09:00:00
CUST00066,Rohan,Nair,1986-04-10,MALE,rohan.nair66@randommail.com,+91 968841505,Bengaluru,Karnataka,560001,2021-12-23,ACTIVE,2021-12-23 09:00:00
CUST00067,Aarti,Chowdhury,1952-06-07,FEMALE,aarti.chowdhury67@randommail.com,+91 978190929,Bangalore,Karnataka,560001,2020-03-06,ACTIVE,2020-03-06 09:00:00
CUST00068,Deepika,Nair,1968-12-27,FEMALE,deepika.nair68@randommail.com,+91 706483562,Kolkata,West Bengal,700001,2023-07-15,ACTIVE,2023-07-15 09:00:00
CUST00069,Neha,Mehta,1957-05-07,FEMALE,neha.mehta69@randommail.com,+91 701325197,Kochi,Kerala,682001,2021-01-18,ACTIVE,2021-01-18 09:00:00
CUST00070,Pooja,Pillai,1956-02-27,FEMALE,pooja.pillai70@randommail.com,+91 981520596,Hyderabad,Telangana,500001,2017-03-27,ACTIVE,2017-03-27 09:00:00
CUST00071,Ganesh,Singh,1992-06-26,MALE,ganesh.singh71@randommail.com,+91 974656838,Ahmedabad,Gujarat,380001,2022-11-05,ACTIVE,2022-11-05 09:00:00
CUST00072,Kavya,Aggarwal,2004-06-24,FEMALE,kavya.aggarwal72@randommail.com,+91 973747534,Chennai,Tamil Nadu,600001,2016-03-18,ACTIVE,2016-03-18 09:00:00
CUST00073,Aarti,Shah,1983-09-03,FEMALE,aarti.shah73@randommail.com,+91 884327421,Delhi,Delhi,110001,2021-08-22,ACTIVE,2021-08-22 09:00:00
CUST00074,Aditya,Rao,2003-11-13,MALE,aditya.rao74@randommail.com,+91 971689025,Kolkata,West Bengal,700001,2020-12-22,ACTIVE,2020-12-22 09:00:00
CUST00075,Ananya,Deshmukh,1980-08-12,FEMALE,ananya.deshmukh75@randommail.com,+91 988047416,Ahmedabad,Gujarat,380001,2016-03-08,ACTIVE,2016-03-08 09:00:00
CUST00076,Shalini,Reddy,1963-09-23,FEMALE,shalini.reddy76@randommail.com,+91 883955087,Kochi,Kerala,682001,2020-11-07,INACTIVE,2020-11-07 09:00:00
CUST00077,Divya,Bhatt,1993-05-18,FEMALE,divya.bhatt77@randommail.com,+91 708307727,Kochi,Kerala,682001,2021-08-23,ACTIVE,2021-08-23 09:00:00
CUST00078,Vivaan,Mehta,1990-06-11,MALE,vivaan.mehta78@randommail.com,+91 998796514,Lucknow,Uttar Pradesh,226001,2021-11-04,ACTIVE,2021-11-04 09:00:00
CUST00079,Aadhya,Kulkarni,1979-02-28,FEMALE,aadhya.kulkarni79@randommail.com,+91 969179730,Hyderabad,Telangana,500001,2018-12-24,ACTIVE,2018-12-24 09:00:00
CUST00080,Meera,Aggarwal,1974-10-14,FEMALE,meera.aggarwal80@randommail.com,+91 989667566,hyderabad,Telangana,500001,2015-12-17,ACTIVE,2015-12-17 09:00:00
CUST00081,Shruti,Bhatt,1971-07-24,FEMALE,shruti.bhatt81@randommail.com,+91 709234615,Ahmedabad,Gujarat,380001,2023-11-22,ACTIVE,2023-11-22 09:00:00
CUST00082,Pooja,Das,1971-10-30,FEMALE,pooja.das82@randommail.com,+91 947191135,Ahmedabad,Gujarat,380001,2021-03-17,ACTIVE,2021-03-17 09:00:00
CUST00083,Preeti,Nair,1981-07-25,FEMALE,preeti.nair83@randommail.com,+91 705545223,Chennai,Tamil Nadu,600001,2017-10-26,ACTIVE,2017-10-26 09:00:00
CUST00084,Amit,Iyer,1998-01-28,MALE,amit.iyer84@randommail.com,+91 964213524,Hyderabad,Telangana,500001,2023-04-14,ACTIVE,2023-04-14 09:00:00
CUST00085,Priya,Gupta,1976-07-30,FEMALE,priya.gupta85@randommail.com,+91 997054579,Bengaluru,Karnataka,560001,2018-05-23,ACTIVE,2018-05-23 09:00:00
CUST00086,Rajesh,Verma,1954-11-22,MALE,rajesh.verma86@randommail.com,+91 943118618,Chandigarh,Punjab,160017,2023-06-11,ACTIVE,2023-06-11 09:00:00
CUST00087,Sunil,Rao,1992-02-11,MALE,sunil.rao87@randommail.com,+91 708389840,Kolkata,West Bengal,700001,2017-01-25,INACTIVE,2017-01-25 09:00:00
CUST00088,Shruti,Iyer,1955-11-12,FEMALE,shruti.iyer88@randommail.com,+91 889250138,Delhi,Delhi,110001,2021-06-21,ACTIVE,2021-06-21 09:00:00
CUST00089,Sai,Singh,2000-06-30,MALE,sai.singh89@randommail.com,+91 942429098,Hyderabad,Telangana,500001,2016-04-30,ACTIVE,2016-04-30 09:00:00
CUST00090,Divya,Aggarwal,1970-04-01,FEMALE,divya.aggarwal90@randommail.com,+91 888558378,Ahmedabad,Gujarat,380001,2018-05-02,ACTIVE,2018-05-02 09:00:00
CUST00091,Sunita,Chowdhury,1955-05-28,FEMALE,sunita.chowdhury91@randommail.com,+91 974486102,Chandigarh,Punjab,160017,2017-05-14,ACTIVE,2017-05-14 09:00:00
CUST00092,Arjun,Joshi,1965-08-05,MALE,arjun.joshi92@randommail.com,+91 973626181,Mumbai,Maharashtra,400001,2019-08-01,ACTIVE,2019-08-01 09:00:00
CUST00093,Sunita,Verma,1970-10-08,FEMALE,sunita.verma93@randommail.com,+91 945743227,Kochi,Kerala,682001,2020-02-03,ACTIVE,2020-02-03 09:00:00
CUST00094,Rajesh,Pillai,2002-11-30,MALE,rajesh.pillai94@randommail.com,+91 998132648, New Delhi,Delhi,110001,2021-02-08,ACTIVE,2021-02-08 09:00:00
CUST00095,Rajesh,Singh,1956-05-28,MALE,rajesh.singh95@randommail.com,+91 983783722,Chennai,Tamil Nadu,600001,2021-09-03,ACTIVE,2021-09-03 09:00:00
CUST00096,Swati,Iyer,1992-01-19,FEMALE,swati.iyer96@randommail.com,+91 947752972,Chennai,Tamil Nadu,600001,2020-08-11,ACTIVE,2020-08-11 09:00:00
CUST00097,Ananya,Aggarwal,1953-07-30,FEMALE,ananya.aggarwal97@randommail.com,+91 886407658,Lucknow,Uttar Pradesh,226001,2017-10-22,ACTIVE,2017-10-22 09:00:00
CUST00098,Karan,Chowdhury,2002-09-03,MALE,karan.chowdhury98@randommail.com,+91 985521644,Lucknow,Uttar Pradesh,226001,2015-06-14,ACTIVE,2015-06-14 09:00:00
CUST00099,Vijay,Deshmukh,1989-09-03,MALE,vijay.deshmukh99@randommail.com,+91 944044882,Lucknow,Uttar Pradesh,226001,2019-11-21,ACTIVE,2019-11-21 09:00:00
CUST00100,Ananya,Kulkarni,1981-03-20,FEMALE,ananya.kulkarni100@randommail.com,+91 886591986,Kolkata,West Bengal,700001,2022-07-07,ACTIVE,2022-07-07 09:00:00
CUST00101,Amit,Mukherjee,1994-06-14,MALE,amit.mukherjee101@randommail.com,+91 947718473,Jaipur,Rajasthan,302001,2015-05-31,ACTIVE,2015-05-31 09:00:00
CUST00102,Meera,Nair,1960-05-26,FEMALE,meera.nair102@randommail.com,+91 889633492,Mumbai,Maharashtra,400001,2022-05-17,ACTIVE,2022-05-17 09:00:00
CUST00103,Neha,Verma,1966-10-30,FEMALE,neha.verma103@randommail.com,+91 939363326,Chandigarh,Punjab,160017,2019-12-16,ACTIVE,2019-12-16 09:00:00
CUST00104,Rajesh,Bhatt,1961-10-03,MALE,rajesh.bhatt104@randommail.com,,Kochi,Kerala,682001,2020-06-08,ACTIVE,2020-06-08 09:00:00
CUST00105,Nitin,Kumar,1977-11-17,MALE,nitin.kumar105@randommail.com,+91 987844947,Delhi,Delhi,110001,2017-07-09,INACTIVE,2017-07-09 09:00:00
CUST00106,Rahul,Iyer,1963-10-25,MALE,rahul.iyer106@randommail.com,+91 705896624,Jaipur,Rajasthan,302001,2022-11-29,ACTIVE,2022-11-29 09:00:00
CUST00107,Shruti,Joshi,1990-12-24,FEMALE,shruti.joshi107@randommail.com,+91 967435505,Hyderabad,Telangana,500001,2021-09-21,ACTIVE,2021-09-21 09:00:00
CUST00108,Vivaan,Mehta,1987-03-24,MALE,vivaan.mehta108@randommail.com,+91 939518424,Chennai,Tamil Nadu,600001,2015-01-11,ACTIVE,2015-01-11 09:00:00
CUST00109,Aarti,Chowdhury,1993-12-05,FEMALE,aarti.chowdhury109@randommail.com,+91 968491822,Jaipur,Rajasthan,302001,2020-06-06,ACTIVE,2020-06-06 09:00:00
CUST00110,Swati,Nair,1966-12-04,FEMALE,swati.nair110@randommail.com,+91 997425184,Hyderabad,Telangana,500001,2023-09-12,ACTIVE,2023-09-12 09:00:00
CUST00111,Shruti,Das,1984-08-21,FEMALE,shruti.das111@randommail.com,+91 969310235,Mumbai,Maharashtra,400001,2016-06-01,ACTIVE,2016-06-01 09:00:00
CUST00112,Priya,Reddy,1958-12-12,FEMALE,priya.reddy112@randommail.com,+91 701257489,Kochi,Kerala,682001,2016-08-13,ACTIVE,2016-08-13 09:00:00
CUST00113,Vivaan,Kulkarni,1973-10-11,MALE,vivaan.kulkarni113@randommail.com,+91 937668663,Chandigarh,Punjab,160017,2015-11-25,ACTIVE,2015-11-25 09:00:00
CUST00114,Anita,Pillai,1993-10-11,FEMALE,anita.pillai114@randommail.com,,Hyderabad,Telangana,500001,2022-01-29,ACTIVE,2022-01-29 09:00:00
CUST00115,Pooja,Patel,1988-12-07,FEMALE,pooja.patel115@randommail.com,+91 972686231,Ahmedabad,Gujarat,380001,2016-11-12,ACTIVE,2016-11-12 09:00:00
CUST00116,Vihaan,Nair,1955-01-13,MALE,vihaan.nair116@randommail.com,+91 947014016,Kolkata,West Bengal,700001,2019-10-31,ACTIVE,2019-10-31 09:00:00
CUST00117,Aarti,Shah,1966-02-26,FEMALE,aarti.shah117@randommail.com,+91 963937176,Delhi,Delhi,110001,2021-11-01,ACTIVE,2021-11-01 09:00:00
CUST00118,Vijay,Chowdhury,1962-11-03,MALE,,+91 998736811,Chandigarh,Punjab,160017,2017-11-06,ACTIVE,2017-11-06 09:00:00
CUST00119,Rahul,Rao,1999-01-14,MALE,rahul.rao119@randommail.com,+91 962239197,Ahmedabad,Gujarat,380001,2018-11-16,INACTIVE,2018-11-16 09:00:00
CUST00120,Shalini,Mukherjee,1972-06-09,FEMALE,shalini.mukherjee120@randommail.com,+91 706068760,Hyderabad,Telangana,500001,2019-04-25,ACTIVE,2019-04-25 09:00:00
CUST00121,Ganesh,Das,2001-04-23,MALE,ganesh.das121@randommail.com,+91 935963914,Kochi,Kerala,682001,2018-04-24,ACTIVE,2018-04-24 09:00:00
CUST00122,Meera,Sharma,2000-10-09,FEMALE,meera.sharma122@randommail.com,+91 989333700,Chennai,Tamil Nadu,600001,2023-09-13,ACTIVE,2023-09-13 09:00:00
CUST00123,Pooja,Pillai,1967-01-22,FEMALE,pooja.pillai123@randommail.com,+91 943294774,Chandigarh,Punjab,160017,2016-02-02,ACTIVE,2016-02-02 09:00:00
CUST00124,Suresh,Reddy,1952-12-29,MALE,suresh.reddy124@randommail.com,+91 933204724,Delhi,Delhi,110001,2018-04-23,ACTIVE,2018-04-23 09:00:00
CUST00125,Kavya,Gupta,1961-11-09,FEMALE,kavya.gupta125@randommail.com,+91 939906224,Jaipur,Rajasthan,302001,2018-01-21,ACTIVE,2018-01-21 09:00:00
CUST00126,Shruti,Rao,1980-05-22,FEMALE,shruti.rao126@randommail.com,+91 978857296,Delhi,Delhi,110001,2016-07-30,ACTIVE,2016-07-30 09:00:00
CUST00127,Karan,Shah,1985-08-27,MALE,karan.shah127@randommail.com,+91 932515030,Pune,Maharashtra,411001,2015-02-27,ACTIVE,2015-02-27 09:00:00
CUST00128,Rahul,Chatterjee,1973-07-09,MALE,rahul.chatterjee128@randommail.com,+91 887232293,Delhi,Delhi,110001,2022-07-27,ACTIVE,2022-07-27 09:00:00
CUST00129,Manish,Bhatt,1979-06-06,MALE,manish.bhatt129@randommail.com,+91 992060605,Chandigarh,Punjab,160017,2020-03-16,ACTIVE,2020-03-16 09:00:00
CUST00130,Shalini,Mukherjee,1960-06-20,FEMALE,shalini.mukherjee130@randommail.com,+91 961760793,Mumbai,Maharashtra,400001,2018-05-31,INACTIVE,2018-05-31 09:00:00
CUST00131,Aditya,Joshi,1998-03-24,MALE,aditya.joshi131@randommail.com,+91 967520395,Ahmedabad,Gujarat,380001,2019-02-28,ACTIVE,2019-02-28 09:00:00
CUST00132,Aarti,Singh,1987-03-22,FEMALE,aarti.singh132@randommail.com,+91 979209880,Lucknow,Uttar Pradesh,226001,2019-07-30,INACTIVE,2019-07-30 09:00:00
CUST00133,Diya,Chatterjee,1969-06-29,FEMALE,diya.chatterjee133@randommail.com,+91 708460758,Hyderabad,Telangana,500001,2019-01-25,ACTIVE,2019-01-25 09:00:00
CUST00134,Preeti,Pillai,1982-03-07,FEMALE,preeti.pillai134@randommail.com,+91 987679674,Chennai,Tamil Nadu,600001,2017-02-16,INACTIVE,2017-02-16 09:00:00
CUST00135,Ananya,Shah,1969-01-11,FEMALE,ananya.shah135@randommail.com,+91 981848566,Kolkata,West Bengal,700001,2017-09-24,INACTIVE,2017-09-24 09:00:00
CUST00136,Vivaan,Bhatt,1968-08-02,MALE,vivaan.bhatt136@randommail.com,+91 994909069,Kolkata,West Bengal,700001,2023-09-07,ACTIVE,2023-09-07 09:00:00
CUST00137,Rajesh,Singh,1961-08-30,MALE,rajesh.singh137@randommail.com,+91 943927575,Delhi,Delhi,110001,2022-05-31,ACTIVE,2022-05-31 09:00:00
CUST00138,Aarav,Chatterjee,1971-05-07,MALE,aarav.chatterjee138@randommail.com,+91 931264762,Bengaluru,Karnataka,560001,2017-12-22,ACTIVE,2017-12-22 09:00:00
CUST00139,Lakshmi,Iyer,1955-09-14,FEMALE,lakshmi.iyer139@randommail.com,+91 708520810,Kolkata,West Bengal,700001,2020-10-03,ACTIVE,2020-10-03 09:00:00
CUST00140,Lakshmi,Joshi,1953-11-21,FEMALE,lakshmi.joshi140@randommail.com,+91 948684678,Chandigarh,Punjab,160017,2015-05-08,ACTIVE,2015-05-08 09:00:00
CUST00141,Deepika,Mukherjee,1959-09-08,FEMALE,deepika.mukherjee141@randommail.com,,Delhi,Delhi,110001,2015-11-27,ACTIVE,2015-11-27 09:00:00
CUST00142,Vivaan,Singh,1974-09-03,MALE,vivaan.singh142@randommail.com,+91 937390515,Lucknow,Uttar Pradesh,226001,2020-12-13,ACTIVE,2020-12-13 09:00:00
CUST00143,Priya,Iyer,1999-06-19,FEMALE,priya.iyer143@randommail.com,+91 998215376,Ahmedabad,Gujarat,380001,2017-07-24,ACTIVE,2017-07-24 09:00:00
CUST00144,Deepika,Mukherjee,1958-07-13,FEMALE,deepika.mukherjee144@randommail.com,+91 938159911,Kolkata,West Bengal,700001,2022-06-17,ACTIVE,2022-06-17 09:00:00
CUST00145,Karan,Kulkarni,1956-01-09,MALE,karan.kulkarni145@randommail.com,+91 972432176,Delhi,Delhi,110001,2019-11-04,ACTIVE,2019-11-04 09:00:00
CUST00146,Ishani,Bhatt,1955-05-20,FEMALE,,+91 933050700,Pune,Maharashtra,411001,2018-12-19,ACTIVE,2018-12-19 09:00:00
CUST00147,Diya,Rao,2003-11-13,FEMALE,diya.rao147@randommail.com,+91 946899644,Delhi,Delhi,110001,2021-06-25,ACTIVE,2021-06-25 09:00:00
CUST00148,Karan,Kulkarni,1970-02-13,MALE,karan.kulkarni148@randommail.com,+91 976873938,Jaipur,Rajasthan,302001,2019-02-14,ACTIVE,2019-02-14 09:00:00
CUST00149,Aarti,Joshi,1988-07-01,FEMALE,aarti.joshi149@randommail.com,+91 985487028,Mumbai,Maharashtra,400001,2017-01-08,ACTIVE,2017-01-08 09:00:00
CUST00150,Anita,Chatterjee,1950-07-20,FEMALE,anita.chatterjee150@randommail.com,+91 963403361,Lucknow,Uttar Pradesh,226001,2022-05-16,ACTIVE,2022-05-16 09:00:00
CUST00151,Prashant,Pillai,1952-10-01,MALE,prashant.pillai151@randommail.com,+91 979900022,Hyderabad,Telangana,500001,2019-03-21,ACTIVE,2019-03-21 09:00:00
CUST00152,Kavya,Chatterjee,1977-12-16,FEMALE,kavya.chatterjee152@randommail.com,+91 932425342,Mumbai,Maharashtra,400001,2016-09-29,ACTIVE,2016-09-29 09:00:00
CUST00153,Karan,Patel,1974-05-31,MALE,karan.patel153@randommail.com,+91 708113787,Ahmedabad,Gujarat,380001,2021-10-22,ACTIVE,2021-10-22 09:00:00
CUST00154,Sneha,Deshmukh,1960-03-18,FEMALE,sneha.deshmukh154@randommail.com,+91 938212753,Delhi,Delhi,110001,2018-03-06,ACTIVE,2018-03-06 09:00:00
CUST00155,Lakshmi,Shah,1977-09-02,FEMALE,lakshmi.shah155@randommail.com,+91 984699685,Pune,Maharashtra,411001,2021-09-20,ACTIVE,2021-09-20 09:00:00
CUST00156,Suresh,Gupta,1962-04-24,MALE,suresh.gupta156@randommail.com,+91 945856117,Kolkata,West Bengal,700001,2016-05-06,ACTIVE,2016-05-06 09:00:00
CUST00157,Kavya,Singh,1984-02-10,FEMALE,kavya.singh157@randommail.com,+91 999393009,Jaipur,Rajasthan,302001,2022-06-29,ACTIVE,2022-06-29 09:00:00
CUST00158,Rohan,Verma,1989-02-19,MALE,rohan.verma158@randommail.com,+91 988713396,Delhi,Delhi,110001,2018-07-06,ACTIVE,2018-07-06 09:00:00
CUST00159,Bhavna,Pillai,1987-06-22,FEMALE,bhavna.pillai159@randommail.com,+91 942932288,Pune,Maharashtra,411001,2015-03-27,INACTIVE,2015-03-27 09:00:00
CUST00160,Manish,Reddy,1982-06-19,MALE,manish.reddy160@randommail.com,+91 978326807,Delhi,Delhi,110001,2017-09-23,ACTIVE,2017-09-23 09:00:00
CUST00161,Lakshmi,Patel,1985-07-04,FEMALE,lakshmi.patel161@randommail.com,+91 946696087,Hyderabad,Telangana,500001,2018-09-26,ACTIVE,2018-09-26 09:00:00
CUST00162,Pravin,Pillai,1960-03-25,MALE,pravin.pillai162@randommail.com,+91 996861544,Kolkata,West Bengal,700001,2023-02-27,INACTIVE,2023-02-27 09:00:00
CUST00163,Ganesh,Iyer,1963-02-20,MALE,ganesh.iyer163@randommail.com,+91 944309671,Bengaluru,Karnataka,560001,2021-10-03,ACTIVE,2021-10-03 09:00:00
CUST00164,Arjun,Pillai,1994-05-01,MALE,arjun.pillai164@randommail.com,+91 708531380,Chandigarh,Punjab,160017,2021-05-01,ACTIVE,2021-05-01 09:00:00
CUST00165,Shalini,Nair,1963-07-18,FEMALE,shalini.nair165@randommail.com,+91 702145653,Ahmedabad,Gujarat,380001,2019-12-17,ACTIVE,2019-12-17 09:00:00
CUST00166,Aarti,Verma,1981-07-29,FEMALE,aarti.verma166@randommail.com,+91 976207779,Ahmedabad,Gujarat,380001,2020-01-26,ACTIVE,2020-01-26 09:00:00
CUST00167,Sunita,Patel,1958-02-06,FEMALE,sunita.patel167@randommail.com,+91 888763013,Lucknow,Uttar Pradesh,226001,2021-03-20,INACTIVE,2021-03-20 09:00:00
CUST00168,Rahul,Chowdhury,1966-11-21,MALE,rahul.chowdhury168@randommail.com,+91 938979730,Jaipur,Rajasthan,302001,2016-09-09,INACTIVE,2016-09-09 09:00:00
CUST00169,Priya,Nair,1957-07-26,FEMALE,priya.nair169@randommail.com,+91 961656695,hyderabad,Telangana,500001,2022-12-08,ACTIVE,2022-12-08 09:00:00
CUST00170,Lakshmi,Deshmukh,2004-09-16,FEMALE,lakshmi.deshmukh170@randommail.com,+91 967105194,Kolkata,West Bengal,700001,2018-03-04,ACTIVE,2018-03-04 09:00:00
CUST00171,Radhika,Aggarwal,1954-09-12,FEMALE,radhika.aggarwal171@randommail.com,+91 932105817,Kolkata,West Bengal,700001,2016-01-23,ACTIVE,2016-01-23 09:00:00
CUST00172,Sunita,Mehta,2004-01-27,FEMALE,sunita.mehta172@randommail.com,+91 966592886,Delhi,Delhi,110001,2021-07-14,ACTIVE,2021-07-14 09:00:00
CUST00173,Sunita,Pillai,1985-03-01,FEMALE,sunita.pillai173@randommail.com,+91 962421349,Chennai,Tamil Nadu,600001,2021-04-08,ACTIVE,2021-04-08 09:00:00
CUST00174,Ishani,Shah,1997-03-23,FEMALE,ishani.shah174@randommail.com,+91 978103580,Jaipur,Rajasthan,302001,2019-01-22,ACTIVE,2019-01-22 09:00:00
CUST00175,Kavya,Gupta,1980-08-28,FEMALE,kavya.gupta175@randommail.com,+91 704221313,Hyderabad,Telangana,500001,2016-07-17,ACTIVE,2016-07-17 09:00:00
CUST00176,Priya,Deshmukh,1998-06-05,FEMALE,priya.deshmukh176@randommail.com,+91 986649968,Lucknow,Uttar Pradesh,226001,2016-06-20,ACTIVE,2016-06-20 09:00:00
CUST00177,Arjun,Kumar,1964-11-07,MALE,arjun.kumar177@randommail.com,+91 701733037,Pune,Maharashtra,411001,2019-02-01,ACTIVE,2019-02-01 09:00:00
CUST00178,Rahul,Aggarwal,1975-07-25,MALE,rahul.aggarwal178@randommail.com,+91 704925917,Jaipur,Rajasthan,302001,2017-09-06,ACTIVE,2017-09-06 09:00:00
CUST00179,Sneha,Chatterjee,2001-03-05,FEMALE,,+91 708745704,Chennai,Tamil Nadu,600001,2023-09-23,ACTIVE,2023-09-23 09:00:00
CUST00180,Kavya,Gupta,2004-03-31,FEMALE,kavya.gupta180@randommail.com,+91 965194357,Mumbai,Maharashtra,400001,2022-03-11,ACTIVE,2022-03-11 09:00:00
CUST00181,Preeti,Iyer,1996-04-14,FEMALE,preeti.iyer181@randommail.com,, New Delhi,Delhi,110001,2023-07-23,ACTIVE,2023-07-23 09:00:00
CUST00182,Lakshmi,Singh,1989-04-01,FEMALE,lakshmi.singh182@randommail.com,+91 974725179,Ahmedabad,Gujarat,380001,2018-12-02,INACTIVE,2018-12-02 09:00:00
CUST00183,Diya,Das,1995-01-14,FEMALE,diya.das183@randommail.com,,Pune,Maharashtra,411001,2015-12-01,ACTIVE,2015-12-01 09:00:00
CUST00184,Amit,Iyer,1980-01-30,MALE,amit.iyer184@randommail.com,+91 963308538,Mumbai,Maharashtra,400001,2018-03-21,ACTIVE,2018-03-21 09:00:00
CUST00185,Bhavna,Singh,1992-02-01,FEMALE,bhavna.singh185@randommail.com,+91 701088100, New Delhi,Delhi,110001,2015-03-19,ACTIVE,2015-03-19 09:00:00
CUST00186,Deepak,Aggarwal,1997-05-08,MALE,deepak.aggarwal186@randommail.com,+91 882865405,Chennai,Tamil Nadu,600001,2017-08-31,ACTIVE,2017-08-31 09:00:00
CUST00187,Ganesh,Mukherjee,1991-01-04,MALE,ganesh.mukherjee187@randommail.com,+91 972859886,Ahmedabad,Gujarat,380001,2021-09-10,ACTIVE,2021-09-10 09:00:00
CUST00188,Nitin,Singh,1976-02-18,MALE,nitin.singh188@randommail.com,+91 881026245,Lucknow,Uttar Pradesh,226001,2018-12-16,ACTIVE,2018-12-16 09:00:00
CUST00189,Kavya,Shah,1957-09-06,FEMALE,kavya.shah189@randommail.com,+91 932135470,Jaipur,Rajasthan,302001,2021-02-06,ACTIVE,2021-02-06 09:00:00
CUST00190,Rohan,Kulkarni,1953-11-27,MALE,rohan.kulkarni190@randommail.com,+91 887262974,Chennai,Tamil Nadu,600001,2023-05-20,ACTIVE,2023-05-20 09:00:00
CUST00191,Vikram,Joshi,1959-04-20,MALE,vikram.joshi191@randommail.com,+91 933238241,Mumbai,Maharashtra,400001,2018-12-14,ACTIVE,2018-12-14 09:00:00
CUST00192,Karan,Reddy,1992-12-06,MALE,karan.reddy192@randommail.com,+91 963262450,Delhi,Delhi,110001,2023-01-11,ACTIVE,2023-01-11 09:00:00
CUST00193,Diya,Rao,1968-02-01,FEMALE,diya.rao193@randommail.com,+91 984346548,Mumbai,Maharashtra,400001,2018-07-16,INACTIVE,2018-07-16 09:00:00
CUST00194,Preeti,Kulkarni,1972-09-22,FEMALE,preeti.kulkarni194@randommail.com,+91 984206183,Chennai,Tamil Nadu,600001,2019-01-02,ACTIVE,2019-01-02 09:00:00
CUST00195,Alok,Nair,1974-07-06,MALE,alok.nair195@randommail.com,+91 977174337,Pune,Maharashtra,411001,2019-06-27,ACTIVE,2019-06-27 09:00:00
CUST00196,Anita,Kumar,1994-07-08,FEMALE,anita.kumar196@randommail.com,+91 707163058,Jaipur,Rajasthan,302001,2017-12-28,ACTIVE,2017-12-28 09:00:00
CUST00197,Ananya,Mukherjee,2004-01-19,FEMALE,ananya.mukherjee197@randommail.com,+91 965928582,Kolkata,West Bengal,700001,2016-02-25,ACTIVE,2016-02-25 09:00:00
CUST00198,Sunita,Reddy,2004-01-24,FEMALE,sunita.reddy198@randommail.com,+91 883795835,Kochi,Kerala,682001,2019-12-24,ACTIVE,2019-12-24 09:00:00
CUST00199,Prashant,Chatterjee,1989-01-08,MALE,prashant.chatterjee199@randommail.com,+91 941962308,Delhi,Delhi,110001,2022-07-12,ACTIVE,2022-07-12 09:00:00
CUST00200,Lakshmi,Shah,1964-05-09,FEMALE,,+91 983395441,Lucknow,Uttar Pradesh,226001,2022-08-09,ACTIVE,2022-08-09 09:00:00
CUST00201,Sai,Patel,1971-03-05,MALE,sai.patel201@randommail.com,,Pune,Maharashtra,411001,2021-05-12,ACTIVE,2021-05-12 09:00:00
CUST00202,Karan,Reddy,1983-04-13,MALE,karan.reddy202@randommail.com,+91 938448065,Delhi,Delhi,110001,2021-06-08,ACTIVE,2021-06-08 09:00:00
CUST00203,Deepika,Nair,1975-01-02,FEMALE,,+91 992903351,Mumbai,Maharashtra,400001,2023-04-02,ACTIVE,2023-04-02 09:00:00
CUST00204,Preeti,Iyer,1973-06-26,FEMALE,,+91 948487220,hyderabad,Telangana,500001,2021-11-11,ACTIVE,2021-11-11 09:00:00
CUST00205,Sneha,Iyer,1962-03-06,FEMALE,sneha.iyer205@randommail.com,+91 978584017,Bengaluru,Karnataka,560001,2022-12-31,ACTIVE,2022-12-31 09:00:00
CUST00206,Karan,Nair,1981-03-03,MALE,karan.nair206@randommail.com,+91 975871470,Chennai,Tamil Nadu,600001,2016-10-07,ACTIVE,2016-10-07 09:00:00
CUST00207,Vikram,Deshmukh,1970-02-12,MALE,vikram.deshmukh207@randommail.com,+91 974371891,Bengaluru,Karnataka,560001,2017-08-27,ACTIVE,2017-08-27 09:00:00
CUST00208,Vikram,Bhatt,2001-05-05,MALE,vikram.bhatt208@randommail.com,+91 938841768,Jaipur,Rajasthan,302001,2016-06-15,ACTIVE,2016-06-15 09:00:00
CUST00209,Vivaan,Rao,1985-09-20,MALE,vivaan.rao209@randommail.com,+91 709819709,Pune,Maharashtra,411001,2023-08-17,ACTIVE,2023-08-17 09:00:00
CUST00210,Sai,Nair,1956-08-27,MALE,sai.nair210@randommail.com,+91 708815384,Chandigarh,Punjab,160017,2020-10-20,ACTIVE,2020-10-20 09:00:00
CUST00211,Sai,Mukherjee,1995-02-11,MALE,sai.mukherjee211@randommail.com,+91 983083077,Jaipur,Rajasthan,302001,2016-09-18,ACTIVE,2016-09-18 09:00:00
CUST00212,Amit,Joshi,1981-01-16,MALE,amit.joshi212@randommail.com,+91 942323049,Chennai,Tamil Nadu,600001,2017-03-15,ACTIVE,2017-03-15 09:00:00
CUST00213,Ishani,Pillai,1977-03-02,FEMALE,ishani.pillai213@randommail.com,+91 979431778,Chandigarh,Punjab,160017,2016-11-21,ACTIVE,2016-11-21 09:00:00
CUST00214,Arjun,Shah,2004-04-16,MALE,arjun.shah214@randommail.com,+91 931691125,mumbai ,Maharashtra,400001,2015-11-29,ACTIVE,2015-11-29 09:00:00
CUST00215,Shalini,Gupta,2001-04-30,FEMALE,shalini.gupta215@randommail.com,+91 881508113,Ahmedabad,Gujarat,380001,2022-01-12,ACTIVE,2022-01-12 09:00:00
CUST00216,Shruti,Joshi,1986-06-07,FEMALE,shruti.joshi216@randommail.com,+91 948609207,Delhi,Delhi,110001,2022-09-21,ACTIVE,2022-09-21 09:00:00
CUST00217,Neha,Kulkarni,1991-09-01,FEMALE,neha.kulkarni217@randommail.com,+91 996707484,Lucknow,Uttar Pradesh,226001,2016-08-11,ACTIVE,2016-08-11 09:00:00
CUST00218,Ritu,Das,1961-09-24,FEMALE,ritu.das218@randommail.com,+91 939639932,Jaipur,Rajasthan,302001,2016-03-10,ACTIVE,2016-03-10 09:00:00
CUST00219,Priya,Mehta,1990-05-03,FEMALE,priya.mehta219@randommail.com,+91 993363534,Delhi,Delhi,110001,2015-07-27,ACTIVE,2015-07-27 09:00:00
CUST00220,Divya,Mukherjee,1972-04-10,FEMALE,divya.mukherjee220@randommail.com,+91 966493461,Lucknow,Uttar Pradesh,226001,2023-02-01,ACTIVE,2023-02-01 09:00:00
CUST00221,Vijay,Deshmukh,1991-11-18,MALE,vijay.deshmukh221@randommail.com,+91 706176450,Ahmedabad,Gujarat,380001,2015-04-05,ACTIVE,2015-04-05 09:00:00
CUST00222,Lakshmi,Reddy,1971-08-07,FEMALE,lakshmi.reddy222@randommail.com,+91 996920597,Mumbai,Maharashtra,400001,2015-07-27,ACTIVE,2015-07-27 09:00:00
CUST00223,Sunita,Bhatt,1950-09-25,FEMALE,sunita.bhatt223@randommail.com,+91 978229768,Bengaluru,Karnataka,560001,2017-12-19,ACTIVE,2017-12-19 09:00:00
CUST00224,Ritu,Verma,1985-12-09,FEMALE,ritu.verma224@randommail.com,+91 984265774,Kolkata,West Bengal,700001,2021-03-16,ACTIVE,2021-03-16 09:00:00
CUST00225,Lakshmi,Reddy,1999-05-01,FEMALE,,+91 942993318,Bengaluru,Karnataka,560001,2016-02-01,ACTIVE,2016-02-01 09:00:00
CUST00226,Preeti,Chatterjee,1962-12-11,FEMALE,preeti.chatterjee226@randommail.com,+91 999541658,Pune,Maharashtra,411001,2020-08-10,ACTIVE,2020-08-10 09:00:00
CUST00227,Sai,Nair,1992-07-02,MALE,sai.nair227@randommail.com,+91 703498809,Lucknow,Uttar Pradesh,226001,2020-10-12,ACTIVE,2020-10-12 09:00:00
CUST00228,Kavya,Das,1976-11-05,FEMALE,kavya.das228@randommail.com,+91 939511333,Jaipur,Rajasthan,302001,2020-12-20,ACTIVE,2020-12-20 09:00:00
CUST00229,Shruti,Sharma,1983-01-18,FEMALE,shruti.sharma229@randommail.com,+91 932838859,Pune,Maharashtra,411001,2021-07-18,ACTIVE,2021-07-18 09:00:00
CUST00230,Manish,Kulkarni,1973-10-27,MALE,manish.kulkarni230@randommail.com,+91 991861596,Lucknow,Uttar Pradesh,226001,2020-05-21,ACTIVE,2020-05-21 09:00:00
CUST00231,Ishani,Shah,1971-09-24,FEMALE,ishani.shah231@randommail.com,+91 982843740,Hyderabad,Telangana,500001,2015-03-19,ACTIVE,2015-03-19 09:00:00
CUST00232,Ishani,Mukherjee,1968-04-17,FEMALE,ishani.mukherjee232@randommail.com,+91 889419134,Lucknow,Uttar Pradesh,226001,2020-04-15,ACTIVE,2020-04-15 09:00:00
CUST00233,Nitin,Singh,1996-07-14,MALE,nitin.singh233@randommail.com,+91 996453426,Chandigarh,Punjab,160017,2020-05-13,ACTIVE,2020-05-13 09:00:00
CUST00234,Kavya,Reddy,1997-10-30,FEMALE,kavya.reddy234@randommail.com,+91 936943949,Chandigarh,Punjab,160017,2023-08-29,ACTIVE,2023-08-29 09:00:00
CUST00235,Divya,Kulkarni,1967-04-02,FEMALE,divya.kulkarni235@randommail.com,+91 995680950,Jaipur,Rajasthan,302001,2018-05-07,ACTIVE,2018-05-07 09:00:00
CUST00236,Sunita,Gupta,1993-11-14,FEMALE,sunita.gupta236@randommail.com,+91 939049765,Kolkata,West Bengal,700001,2021-04-14,INACTIVE,2021-04-14 09:00:00
CUST00237,Sunita,Iyer,2001-06-13,FEMALE,sunita.iyer237@randommail.com,+91 887619156,Kolkata,West Bengal,700001,2023-09-02,ACTIVE,2023-09-02 09:00:00
CUST00238,Diya,Rao,1957-02-02,FEMALE,diya.rao238@randommail.com,+91 938421839,Chandigarh,Punjab,160017,2017-11-16,ACTIVE,2017-11-16 09:00:00
CUST00239,Reyansh,Bhatt,1974-04-29,MALE,reyansh.bhatt239@randommail.com,+91 943303058,Delhi,Delhi,110001,2021-11-26,ACTIVE,2021-11-26 09:00:00
CUST00240,Ganesh,Verma,1997-08-23,MALE,ganesh.verma240@randommail.com,+91 994906349,Mumbai,Maharashtra,400001,2016-02-15,ACTIVE,2016-02-15 09:00:00
CUST00241,Priya,Shah,1962-05-02,FEMALE,priya.shah241@randommail.com,+91 983649811,Pune,Maharashtra,411001,2022-04-28,INACTIVE,2022-04-28 09:00:00
CUST00242,Shruti,Pillai,1967-11-23,FEMALE,shruti.pillai242@randommail.com,+91 946388299,Chennai,Tamil Nadu,600001,2022-03-30,ACTIVE,2022-03-30 09:00:00
CUST00243,Alok,Chowdhury,1970-11-01,MALE,alok.chowdhury243@randommail.com,+91 983937099,Pune,Maharashtra,411001,2016-12-21,INACTIVE,2016-12-21 09:00:00
CUST00244,Rohan,Kulkarni,1966-09-19,MALE,rohan.kulkarni244@randommail.com,+91 941628578,Mumbai,Maharashtra,400001,2018-05-07,ACTIVE,2018-05-07 09:00:00
CUST00245,Amit,Rao,1990-10-06,MALE,amit.rao245@randommail.com,+91 703251501,Jaipur,Rajasthan,302001,2020-04-01,ACTIVE,2020-04-01 09:00:00
CUST00246,Amit,Kumar,1991-03-04,MALE,amit.kumar246@randommail.com,+91 944123902,Mumbai,Maharashtra,400001,2023-04-06,ACTIVE,2023-04-06 09:00:00
CUST00247,Aarti,Shah,1967-05-01,FEMALE,aarti.shah247@randommail.com,+91 967802999,Pune,Maharashtra,411001,2020-10-11,ACTIVE,2020-10-11 09:00:00
CUST00248,Radhika,Iyer,1966-07-30,FEMALE,radhika.iyer248@randommail.com,+91 969010350,Kolkata,West Bengal,700001,2017-10-13,ACTIVE,2017-10-13 09:00:00
CUST00249,Pooja,Reddy,1973-12-14,FEMALE,pooja.reddy249@randommail.com,+91 936065810,Lucknow,Uttar Pradesh,226001,2023-02-08,ACTIVE,2023-02-08 09:00:00
CUST00250,Shalini,Chatterjee,1971-03-15,FEMALE,shalini.chatterjee250@randommail.com,+91 982983483,Ahmedabad,Gujarat,380001,2018-06-10,ACTIVE,2018-06-10 09:00:00
CUST00251,Bhavna,Iyer,1976-06-20,FEMALE,bhavna.iyer251@randommail.com,+91 934705235,hyderabad,Telangana,500001,2016-07-01,ACTIVE,2016-07-01 09:00:00
CUST00252,Divya,Chatterjee,1987-04-23,FEMALE,divya.chatterjee252@randommail.com,,Hyderabad,Telangana,500001,2022-08-18,ACTIVE,2022-08-18 09:00:00
CUST00253,Pravin,Reddy,1997-05-21,MALE,pravin.reddy253@randommail.com,+91 932310346,Lucknow,Uttar Pradesh,226001,2016-04-04,ACTIVE,2016-04-04 09:00:00
CUST00254,Sunil,Bhatt,1963-06-12,MALE,sunil.bhatt254@randommail.com,+91 966504900,Jaipur,Rajasthan,302001,2019-12-15,ACTIVE,2019-12-15 09:00:00
CUST00255,Nitin,Chowdhury,1993-11-08,MALE,nitin.chowdhury255@randommail.com,+91 979562677,Ahmedabad,Gujarat,380001,2015-08-16,ACTIVE,2015-08-16 09:00:00
CUST00256,Swati,Chowdhury,1955-03-07,FEMALE,swati.chowdhury256@randommail.com,+91 706170227,Kochi,Kerala,682001,2015-03-31,ACTIVE,2015-03-31 09:00:00
CUST00257,Prashant,Gupta,2001-11-19,MALE,prashant.gupta257@randommail.com,+91 971759836,Pune,Maharashtra,411001,2018-11-12,ACTIVE,2018-11-12 09:00:00
CUST00258,Vivaan,Kulkarni,1952-11-05,MALE,vivaan.kulkarni258@randommail.com,+91 947859648,Bengaluru,Karnataka,560001,2023-08-16,ACTIVE,2023-08-16 09:00:00
CUST00259,Ritu,Das,1990-03-29,FEMALE,ritu.das259@randommail.com,+91 887302286,Delhi,Delhi,110001,2022-08-28,INACTIVE,2022-08-28 09:00:00
CUST00260,Alok,Chatterjee,1960-08-23,MALE,alok.chatterjee260@randommail.com,+91 967594429,Jaipur,Rajasthan,302001,2016-06-05,ACTIVE,2016-06-05 09:00:00
CUST00261,Aarav,Sharma,1976-10-07,MALE,aarav.sharma261@randommail.com,+91 708115687,Jaipur,Rajasthan,302001,2019-04-03,ACTIVE,2019-04-03 09:00:00
CUST00262,Rahul,Chatterjee,1963-12-02,MALE,rahul.chatterjee262@randommail.com,+91 944162177,Kochi,Kerala,682001,2023-08-02,ACTIVE,2023-08-02 09:00:00
CUST00263,Divya,Sharma,1971-08-05,FEMALE,divya.sharma263@randommail.com,+91 992128954,Delhi,Delhi,110001,2021-08-29,ACTIVE,2021-08-29 09:00:00
CUST00264,Ganesh,Verma,1986-02-02,MALE,ganesh.verma264@randommail.com,+91 704931560,Jaipur,Rajasthan,302001,2017-06-08,ACTIVE,2017-06-08 09:00:00
CUST00265,Sai,Deshmukh,1975-12-14,MALE,sai.deshmukh265@randommail.com,+91 996350316,Lucknow,Uttar Pradesh,226001,2021-09-15,ACTIVE,2021-09-15 09:00:00
CUST00266,Pooja,Rao,1962-11-08,FEMALE,pooja.rao266@randommail.com,+91 997938388,Chennai,Tamil Nadu,600001,2018-02-01,ACTIVE,2018-02-01 09:00:00
CUST00267,Alok,Shah,1988-04-29,MALE,alok.shah267@randommail.com,+91 701786584,Kolkata,West Bengal,700001,2022-03-20,ACTIVE,2022-03-20 09:00:00
CUST00268,Bhavna,Mukherjee,1986-08-17,FEMALE,bhavna.mukherjee268@randommail.com,+91 966031294,Pune,Maharashtra,411001,2017-01-23,ACTIVE,2017-01-23 09:00:00
CUST00269,Pooja,Joshi,1976-12-24,FEMALE,,,Mumbai,Maharashtra,400001,2021-04-22,ACTIVE,2021-04-22 09:00:00
CUST00270,Preeti,Deshmukh,1962-01-11,FEMALE,preeti.deshmukh270@randommail.com,+91 885074489,Chennai,Tamil Nadu,600001,2017-04-12,ACTIVE,2017-04-12 09:00:00
CUST00271,Rahul,Chatterjee,1958-04-18,MALE,rahul.chatterjee271@randommail.com,+91 991864641,Chennai,Tamil Nadu,600001,2019-03-25,ACTIVE,2019-03-25 09:00:00
CUST00272,Vivaan,Gupta,2002-09-18,MALE,vivaan.gupta272@randommail.com,+91 999042900,Hyderabad,Telangana,500001,2018-09-25,ACTIVE,2018-09-25 09:00:00
CUST00273,Reyansh,Gupta,1960-07-11,MALE,reyansh.gupta273@randommail.com,+91 705070038,Kochi,Kerala,682001,2021-10-11,ACTIVE,2021-10-11 09:00:00
CUST00274,Pooja,Bhatt,1978-11-08,FEMALE,pooja.bhatt274@randommail.com,+91 947386444,Ahmedabad,Gujarat,380001,2020-12-25,ACTIVE,2020-12-25 09:00:00
CUST00275,Meera,Chatterjee,1996-01-03,FEMALE,meera.chatterjee275@randommail.com,+91 708818250,Delhi,Delhi,110001,2023-02-07,ACTIVE,2023-02-07 09:00:00
CUST00276,Sneha,Chatterjee,1978-01-27,FEMALE,sneha.chatterjee276@randommail.com,+91 881766977,Lucknow,Uttar Pradesh,226001,2017-06-25,ACTIVE,2017-06-25 09:00:00
CUST00277,Rajesh,Bhatt,2002-05-25,MALE,rajesh.bhatt277@randommail.com,+91 885952504,Bengaluru,Karnataka,560001,2017-03-14,ACTIVE,2017-03-14 09:00:00
CUST00278,Aarti,Joshi,1994-10-18,FEMALE,aarti.joshi278@randommail.com,+91 935317226,Ahmedabad,Gujarat,380001,2023-02-11,ACTIVE,2023-02-11 09:00:00
CUST00279,Swati,Kumar,1981-08-06,FEMALE,swati.kumar279@randommail.com,+91 963348114,Kochi,Kerala,682001,2021-02-16,ACTIVE,2021-02-16 09:00:00
CUST00280,Pravin,Verma,1956-09-01,MALE,pravin.verma280@randommail.com,+91 981107102,Pune,Maharashtra,411001,2016-07-17,ACTIVE,2016-07-17 09:00:00
CUST00281,Vivaan,Singh,1950-10-27,MALE,vivaan.singh281@randommail.com,+91 999484790,Ahmedabad,Gujarat,380001,2019-03-09,ACTIVE,2019-03-09 09:00:00
CUST00282,Radhika,Kulkarni,1951-05-31,FEMALE,radhika.kulkarni282@randommail.com,+91 989929043,Jaipur,Rajasthan,302001,2019-08-12,ACTIVE,2019-08-12 09:00:00
CUST00283,Preeti,Rao,1951-07-16,FEMALE,preeti.rao283@randommail.com,+91 884007598, New Delhi,Delhi,110001,2016-01-30,ACTIVE,2016-01-30 09:00:00
CUST00284,Reyansh,Aggarwal,1997-03-25,MALE,reyansh.aggarwal284@randommail.com,+91 946946534,Chennai,Tamil Nadu,600001,2023-12-01,ACTIVE,2023-12-01 09:00:00
CUST00285,Deepika,Reddy,2000-09-08,FEMALE,deepika.reddy285@randommail.com,+91 994789255,Chennai,Tamil Nadu,600001,2022-09-02,ACTIVE,2022-09-02 09:00:00
CUST00286,Alok,Pillai,1952-11-04,MALE,alok.pillai286@randommail.com,+91 977799441,Pune,Maharashtra,411001,2019-03-25,ACTIVE,2019-03-25 09:00:00
CUST00287,Alok,Sharma,1965-05-17,MALE,alok.sharma287@randommail.com,+91 979386232,Pune,Maharashtra,411001,2022-03-26,ACTIVE,2022-03-26 09:00:00
CUST00288,Pravin,Verma,1970-08-12,MALE,pravin.verma288@randommail.com,+91 998977571,Chennai,Tamil Nadu,600001,2015-07-10,INACTIVE,2015-07-10 09:00:00
CUST00289,Preeti,Chowdhury,1952-12-14,FEMALE,preeti.chowdhury289@randommail.com,+91 966276177,mumbai ,Maharashtra,400001,2017-04-28,ACTIVE,2017-04-28 09:00:00
CUST00290,Ananya,Rao,1964-07-29,FEMALE,ananya.rao290@randommail.com,+91 997528964,Chandigarh,Punjab,160017,2021-01-23,ACTIVE,2021-01-23 09:00:00
CUST00291,Nitin,Patel,1994-12-05,MALE,,+91 931900876, New Delhi,Delhi,110001,2019-11-26,ACTIVE,2019-11-26 09:00:00
CUST00292,Amit,Aggarwal,2003-06-08,MALE,amit.aggarwal292@randommail.com,+91 886475691,Mumbai,Maharashtra,400001,2022-02-10,ACTIVE,2022-02-10 09:00:00
CUST00293,Shruti,Joshi,1981-12-03,FEMALE,shruti.joshi293@randommail.com,+91 888245206,Bengaluru,Karnataka,560001,2022-08-16,ACTIVE,2022-08-16 09:00:00
CUST00294,Ananya,Aggarwal,1976-07-01,FEMALE,ananya.aggarwal294@randommail.com,+91 992233237,Delhi,Delhi,110001,2018-01-02,ACTIVE,2018-01-02 09:00:00
CUST00295,Prashant,Das,1978-05-30,MALE,prashant.das295@randommail.com,+91 932787627,Delhi,Delhi,110001,2015-01-22,INACTIVE,2015-01-22 09:00:00
CUST00296,Ritu,Mehta,1959-03-04,FEMALE,ritu.mehta296@randommail.com,+91 962464604,Bengaluru,Karnataka,560001,2019-11-01,ACTIVE,2019-11-01 09:00:00
CUST00297,Priya,Sharma,1958-01-15,FEMALE,priya.sharma297@randommail.com,+91 932561359,Lucknow,Uttar Pradesh,226001,2021-09-15,ACTIVE,2021-09-15 09:00:00
CUST00298,Aadhya,Rao,1987-02-15,FEMALE,,+91 882421022,Kochi,Kerala,682001,2021-04-10,ACTIVE,2021-04-10 09:00:00
CUST00299,Sunil,Deshmukh,1965-03-19,MALE,sunil.deshmukh299@randommail.com,+91 883843767,Bengaluru,Karnataka,560001,2018-01-06,ACTIVE,2018-01-06 09:00:00
CUST00300,Ishani,Patel,1965-01-01,FEMALE,ishani.patel300@randommail.com,+91 885629871,Pune,Maharashtra,411001,2018-05-12,ACTIVE,2018-05-12 09:00:00
CUST00301,Vikram,Mehta,1972-02-15,MALE,vikram.mehta301@randommail.com,+91 704280754,Ahmedabad,Gujarat,380001,2016-03-14,ACTIVE,2016-03-14 09:00:00
CUST00302,Rohan,Nair,1984-01-31,MALE,rohan.nair302@randommail.com,+91 938385715,Kolkata,West Bengal,700001,2019-10-30,ACTIVE,2019-10-30 09:00:00
CUST00303,Suresh,Nair,2004-02-13,MALE,suresh.nair303@randommail.com,+91 999036449,Kolkata,West Bengal,700001,2016-12-28,INACTIVE,2016-12-28 09:00:00
CUST00304,Sunita,Pillai,1994-01-19,FEMALE,sunita.pillai304@randommail.com,+91 996467463,Pune,Maharashtra,411001,2018-02-22,ACTIVE,2018-02-22 09:00:00
CUST00305,Ritu,Iyer,2000-08-02,FEMALE,ritu.iyer305@randommail.com,+91 994018677,Chandigarh,Punjab,160017,2023-08-11,ACTIVE,2023-08-11 09:00:00
CUST00306,Bhavna,Gupta,1989-05-03,FEMALE,bhavna.gupta306@randommail.com,+91 942160289,Pune,Maharashtra,411001,2022-07-19,ACTIVE,2022-07-19 09:00:00
CUST00307,Pooja,Mehta,1963-10-30,FEMALE,pooja.mehta307@randommail.com,+91 887324856,Delhi,Delhi,110001,2020-01-14,INACTIVE,2020-01-14 09:00:00
CUST00308,Aarti,Das,1997-12-10,FEMALE,aarti.das308@randommail.com,+91 881616817,Kolkata,West Bengal,700001,2022-11-13,ACTIVE,2022-11-13 09:00:00
CUST00309,Aditya,Joshi,1981-11-06,MALE,aditya.joshi309@randommail.com,+91 961743175,Lucknow,Uttar Pradesh,226001,2022-03-27,ACTIVE,2022-03-27 09:00:00
CUST00310,Anita,Mukherjee,1959-07-04,FEMALE,anita.mukherjee310@randommail.com,+91 982654343,Chennai,Tamil Nadu,600001,2017-06-28,ACTIVE,2017-06-28 09:00:00
CUST00311,Rahul,Chatterjee,1985-02-02,MALE,rahul.chatterjee311@randommail.com,+91 709396422,Bengaluru,Karnataka,560001,2018-11-13,INACTIVE,2018-11-13 09:00:00
CUST00312,Priya,Rao,1987-04-27,FEMALE,priya.rao312@randommail.com,+91 972947320,Kochi,Kerala,682001,2016-08-03,ACTIVE,2016-08-03 09:00:00
CUST00313,Swati,Gupta,1996-10-01,FEMALE,swati.gupta313@randommail.com,+91 706843509,Ahmedabad,Gujarat,380001,2016-02-04,ACTIVE,2016-02-04 09:00:00
CUST00314,Anita,Patel,1976-12-09,FEMALE,anita.patel314@randommail.com,+91 982930810,mumbai ,Maharashtra,400001,2018-11-06,ACTIVE,2018-11-06 09:00:00
CUST00315,Prashant,Joshi,1996-04-17,MALE,prashant.joshi315@randommail.com,+91 963686631,Kolkata,West Bengal,700001,2021-04-12,ACTIVE,2021-04-12 09:00:00
CUST00316,Pooja,Das,1966-07-20,FEMALE,pooja.das316@randommail.com,+91 968250013,Pune,Maharashtra,411001,2015-04-30,ACTIVE,2015-04-30 09:00:00
CUST00317,Rahul,Chowdhury,1988-07-15,MALE,rahul.chowdhury317@randommail.com,+91 881074659,Kochi,Kerala,682001,2017-05-29,ACTIVE,2017-05-29 09:00:00
CUST00318,Sunil,Iyer,1998-03-02,MALE,sunil.iyer318@randommail.com,+91 967136988,Kolkata,West Bengal,700001,2017-03-18,ACTIVE,2017-03-18 09:00:00
CUST00319,Radhika,Kulkarni,1997-05-06,FEMALE,radhika.kulkarni319@randommail.com,+91 937520284,Lucknow,Uttar Pradesh,226001,2019-05-27,ACTIVE,2019-05-27 09:00:00
CUST00320,Ritu,Reddy,1965-06-24,FEMALE,ritu.reddy320@randommail.com,+91 942421902,Chandigarh,Punjab,160017,2016-07-02,ACTIVE,2016-07-02 09:00:00
CUST00321,Suresh,Iyer,1966-06-04,MALE,suresh.iyer321@randommail.com,+91 933371602,Jaipur,Rajasthan,302001,2019-05-11,ACTIVE,2019-05-11 09:00:00
CUST00322,Sunil,Das,1987-12-15,MALE,sunil.das322@randommail.com,+91 969164971,Chandigarh,Punjab,160017,2021-01-10,ACTIVE,2021-01-10 09:00:00
CUST00323,Deepak,Kumar,1993-12-05,MALE,deepak.kumar323@randommail.com,+91 943353785,Bengaluru,Karnataka,560001,2018-07-12,ACTIVE,2018-07-12 09:00:00
CUST00324,Vikram,Sharma,1993-06-23,MALE,vikram.sharma324@randommail.com,+91 964273712,Pune,Maharashtra,411001,2021-04-19,ACTIVE,2021-04-19 09:00:00
CUST00325,Neha,Shah,1994-02-11,FEMALE,neha.shah325@randommail.com,+91 888446596,Ahmedabad,Gujarat,380001,2016-11-16,ACTIVE,2016-11-16 09:00:00
CUST00326,Ganesh,Rao,1952-12-07,MALE,ganesh.rao326@randommail.com,+91 944772246,Jaipur,Rajasthan,302001,2018-03-28,ACTIVE,2018-03-28 09:00:00
CUST00327,Aarti,Kulkarni,1999-04-27,FEMALE,aarti.kulkarni327@randommail.com,+91 972916069,Chennai,Tamil Nadu,600001,2023-09-10,ACTIVE,2023-09-10 09:00:00
CUST00328,Preeti,Verma,1989-08-06,FEMALE,preeti.verma328@randommail.com,+91 998132912,Delhi,Delhi,110001,2023-04-03,ACTIVE,2023-04-03 09:00:00
CUST00329,Suresh,Verma,1990-05-07,MALE,suresh.verma329@randommail.com,+91 946848151,Delhi,Delhi,110001,2019-12-04,ACTIVE,2019-12-04 09:00:00
CUST00330,Ganesh,Gupta,2002-09-30,MALE,ganesh.gupta330@randommail.com,+91 938183451,Bengaluru,Karnataka,560001,2021-11-28,ACTIVE,2021-11-28 09:00:00
CUST00331,Reyansh,Verma,2001-02-22,MALE,reyansh.verma331@randommail.com,+91 939930189,Chennai,Tamil Nadu,600001,2021-09-10,ACTIVE,2021-09-10 09:00:00
CUST00332,Bhavna,Rao,1975-12-16,FEMALE,bhavna.rao332@randommail.com,+91 949630451,Chandigarh,Punjab,160017,2016-01-26,ACTIVE,2016-01-26 09:00:00
CUST00333,Diya,Mehta,1961-05-20,FEMALE,diya.mehta333@randommail.com,+91 965188889,Bengaluru,Karnataka,560001,2022-12-23,ACTIVE,2022-12-23 09:00:00
CUST00334,Karan,Das,1993-11-29,MALE,karan.das334@randommail.com,+91 965508325,Chandigarh,Punjab,160017,2019-08-24,ACTIVE,2019-08-24 09:00:00
CUST00335,Alok,Patel,1986-02-21,MALE,alok.patel335@randommail.com,+91 947191986,Ahmedabad,Gujarat,380001,2020-06-22,ACTIVE,2020-06-22 09:00:00
CUST00336,Prashant,Patel,1991-02-17,MALE,prashant.patel336@randommail.com,+91 932062512,Jaipur,Rajasthan,302001,2019-06-18,ACTIVE,2019-06-18 09:00:00
CUST00337,Sneha,Kulkarni,1974-02-03,FEMALE,sneha.kulkarni337@randommail.com,+91 935757902,Kolkata,West Bengal,700001,2021-02-19,ACTIVE,2021-02-19 09:00:00
CUST00338,Anita,Shah,1954-05-06,FEMALE,anita.shah338@randommail.com,+91 982670586,Chandigarh,Punjab,160017,2023-10-16,ACTIVE,2023-10-16 09:00:00
CUST00339,Aditya,Kumar,1989-08-04,MALE,aditya.kumar339@randommail.com,+91 701011340,Pune,Maharashtra,411001,2017-04-08,INACTIVE,2017-04-08 09:00:00
CUST00340,Alok,Rao,1964-04-06,MALE,alok.rao340@randommail.com,+91 942565985,Chandigarh,Punjab,160017,2019-01-16,ACTIVE,2019-01-16 09:00:00
CUST00341,Radhika,Pillai,1964-11-06,FEMALE,radhika.pillai341@randommail.com,+91 987649508,Chandigarh,Punjab,160017,2018-06-05,ACTIVE,2018-06-05 09:00:00
CUST00342,Sanjay,Pillai,1958-03-08,MALE,sanjay.pillai342@randommail.com,+91 971018225,Hyderabad,Telangana,500001,2020-05-07,ACTIVE,2020-05-07 09:00:00
CUST00343,Pravin,Shah,1989-12-05,MALE,pravin.shah343@randommail.com,+91 981135267,Kochi,Kerala,682001,2018-11-08,ACTIVE,2018-11-08 09:00:00
CUST00344,Bhavna,Singh,1992-11-09,FEMALE,bhavna.singh344@randommail.com,+91 974841091,Pune,Maharashtra,411001,2016-01-01,ACTIVE,2016-01-01 09:00:00
CUST00345,Aditya,Nair,1982-12-23,MALE,aditya.nair345@randommail.com,+91 943300647,Pune,Maharashtra,411001,2023-09-04,ACTIVE,2023-09-04 09:00:00
CUST00346,Alok,Shah,1962-10-26,MALE,alok.shah346@randommail.com,+91 979900451,Lucknow,Uttar Pradesh,226001,2015-02-04,ACTIVE,2015-02-04 09:00:00
CUST00347,Rahul,Chatterjee,1969-02-11,MALE,rahul.chatterjee347@randommail.com,,Lucknow,Uttar Pradesh,226001,2022-09-13,ACTIVE,2022-09-13 09:00:00
CUST00348,Vivaan,Iyer,1962-07-24,MALE,,+91 977442986,Kolkata,West Bengal,700001,2019-10-25,ACTIVE,2019-10-25 09:00:00
CUST00349,Ganesh,Mehta,1957-07-23,MALE,ganesh.mehta349@randommail.com,+91 995780177,Kochi,Kerala,682001,2015-04-20,ACTIVE,2015-04-20 09:00:00
CUST00350,Sneha,Deshmukh,2004-06-13,FEMALE,sneha.deshmukh350@randommail.com,+91 997572491,Chennai,Tamil Nadu,600001,2022-03-31,ACTIVE,2022-03-31 09:00:00
CUST00351,Vijay,Das,1960-02-12,MALE,vijay.das351@randommail.com,+91 999381604,Chandigarh,Punjab,160017,2021-08-29,ACTIVE,2021-08-29 09:00:00
CUST00352,Vikram,Nair,1961-11-03,MALE,vikram.nair352@randommail.com,+91 888060918,Kolkata,West Bengal,700001,2021-02-15,ACTIVE,2021-02-15 09:00:00
CUST00353,Ananya,Sharma,2002-09-11,FEMALE,ananya.sharma353@randommail.com,+91 971231415,Chennai,Tamil Nadu,600001,2017-06-02,ACTIVE,2017-06-02 09:00:00
CUST00354,Rohan,Deshmukh,1975-09-14,MALE,rohan.deshmukh354@randommail.com,+91 888106413,Kochi,Kerala,682001,2019-07-06,ACTIVE,2019-07-06 09:00:00
CUST00355,Rajesh,Patel,1977-10-21,MALE,rajesh.patel355@randommail.com,+91 979578269,Hyderabad,Telangana,500001,2016-09-28,ACTIVE,2016-09-28 09:00:00
CUST00356,Aarti,Pillai,1955-12-07,FEMALE,aarti.pillai356@randommail.com,+91 948339797,Kochi,Kerala,682001,2017-09-04,ACTIVE,2017-09-04 09:00:00
CUST00357,Sanjay,Iyer,1990-09-04,MALE,sanjay.iyer357@randommail.com,+91 986189026,Chandigarh,Punjab,160017,2023-04-26,ACTIVE,2023-04-26 09:00:00
CUST00358,Aditya,Sharma,1962-04-24,MALE,aditya.sharma358@randommail.com,+91 983748655,Ahmedabad,Gujarat,380001,2018-11-21,ACTIVE,2018-11-21 09:00:00
CUST00359,Kavya,Chatterjee,1961-05-22,FEMALE,kavya.chatterjee359@randommail.com,+91 942980663,Mumbai,Maharashtra,400001,2018-10-04,ACTIVE,2018-10-04 09:00:00
CUST00360,Lakshmi,Patel,1973-08-04,FEMALE,lakshmi.patel360@randommail.com,+91 979323974,Ahmedabad,Gujarat,380001,2020-09-23,ACTIVE,2020-09-23 09:00:00
CUST00361,Aarti,Kumar,1982-12-27,FEMALE,aarti.kumar361@randommail.com,+91 965280137,Delhi,Delhi,110001,2021-06-08,ACTIVE,2021-06-08 09:00:00
CUST00362,Ganesh,Deshmukh,1950-03-26,MALE,ganesh.deshmukh362@randommail.com,+91 981206159,Hyderabad,Telangana,500001,2015-07-08,ACTIVE,2015-07-08 09:00:00
CUST00363,Ishani,Kumar,1953-03-04,FEMALE,ishani.kumar363@randommail.com,+91 884766741,Kolkata,West Bengal,700001,2017-10-13,ACTIVE,2017-10-13 09:00:00
CUST00364,Meera,Patel,2001-04-11,FEMALE,meera.patel364@randommail.com,+91 933003215,Jaipur,Rajasthan,302001,2022-07-20,ACTIVE,2022-07-20 09:00:00
CUST00365,Ganesh,Deshmukh,1954-02-13,MALE,ganesh.deshmukh365@randommail.com,+91 882156393,Ahmedabad,Gujarat,380001,2018-03-02,ACTIVE,2018-03-02 09:00:00
CUST00366,Anita,Patel,1999-08-15,FEMALE,anita.patel366@randommail.com,+91 701133700,Kolkata,West Bengal,700001,2017-04-01,ACTIVE,2017-04-01 09:00:00
CUST00367,Divya,Joshi,1991-08-15,FEMALE,,+91 939277218,Hyderabad,Telangana,500001,2023-03-20,ACTIVE,2023-03-20 09:00:00
CUST00368,Sai,Sharma,1986-10-15,MALE,sai.sharma368@randommail.com,+91 984909053,Jaipur,Rajasthan,302001,2018-11-19,ACTIVE,2018-11-19 09:00:00
CUST00369,Amit,Sharma,1983-10-04,MALE,,+91 942743975,Hyderabad,Telangana,500001,2020-12-10,INACTIVE,2020-12-10 09:00:00
CUST00370,Shruti,Verma,1962-10-10,FEMALE,shruti.verma370@randommail.com,+91 942560728,Mumbai,Maharashtra,400001,2017-08-06,ACTIVE,2017-08-06 09:00:00
CUST00371,Bhavna,Chatterjee,1991-02-17,FEMALE,bhavna.chatterjee371@randommail.com,+91 972603516,Jaipur,Rajasthan,302001,2016-06-30,ACTIVE,2016-06-30 09:00:00
CUST00372,Ananya,Chowdhury,2000-12-10,FEMALE,ananya.chowdhury372@randommail.com,+91 988297801,Chandigarh,Punjab,160017,2016-06-19,ACTIVE,2016-06-19 09:00:00
CUST00373,Anita,Das,1979-04-09,FEMALE,anita.das373@randommail.com,+91 938596016,Chennai,Tamil Nadu,600001,2017-08-14,ACTIVE,2017-08-14 09:00:00
CUST00374,Sai,Chowdhury,1959-10-11,MALE,sai.chowdhury374@randommail.com,+91 962772642,Bengaluru,Karnataka,560001,2020-01-16,ACTIVE,2020-01-16 09:00:00
CUST00375,Priya,Bhatt,1982-02-22,FEMALE,priya.bhatt375@randommail.com,+91 998581910,Chennai,Tamil Nadu,600001,2020-03-12,ACTIVE,2020-03-12 09:00:00
CUST00376,Vivaan,Kumar,1977-04-17,MALE,vivaan.kumar376@randommail.com,+91 984607450,Kolkata,West Bengal,700001,2016-08-30,ACTIVE,2016-08-30 09:00:00
CUST00377,Vikram,Das,1996-01-25,MALE,vikram.das377@randommail.com,+91 986013715,Chennai,Tamil Nadu,600001,2016-12-13,ACTIVE,2016-12-13 09:00:00
CUST00378,Swati,Bhatt,1999-05-10,FEMALE,swati.bhatt378@randommail.com,+91 992589226,Ahmedabad,Gujarat,380001,2016-02-22,ACTIVE,2016-02-22 09:00:00
CUST00379,Aditya,Sharma,1955-07-14,MALE,aditya.sharma379@randommail.com,+91 993193037,hyderabad,Telangana,500001,2019-06-29,ACTIVE,2019-06-29 09:00:00
CUST00380,Sunil,Chowdhury,1973-03-22,MALE,sunil.chowdhury380@randommail.com,+91 971365746,Delhi,Delhi,110001,2017-03-20,ACTIVE,2017-03-20 09:00:00
CUST00381,Ishani,Patel,1979-09-30,FEMALE,ishani.patel381@randommail.com,+91 971716325,Ahmedabad,Gujarat,380001,2015-07-27,ACTIVE,2015-07-27 09:00:00
CUST00382,Deepika,Kulkarni,1952-08-24,FEMALE,deepika.kulkarni382@randommail.com,+91 888158234,Bengaluru,Karnataka,560001,2018-12-20,ACTIVE,2018-12-20 09:00:00
CUST00383,Rajesh,Mehta,1990-01-05,MALE,rajesh.mehta383@randommail.com,+91 961581321,Lucknow,Uttar Pradesh,226001,2021-12-11,ACTIVE,2021-12-11 09:00:00
CUST00384,Shruti,Mukherjee,1999-05-28,FEMALE,shruti.mukherjee384@randommail.com,+91 702023059, New Delhi,Delhi,110001,2018-02-19,ACTIVE,2018-02-19 09:00:00
CUST00385,Sneha,Pillai,1997-03-04,FEMALE,sneha.pillai385@randommail.com,+91 991327658,Pune,Maharashtra,411001,2023-10-08,ACTIVE,2023-10-08 09:00:00
CUST00386,Preeti,Kulkarni,1980-11-12,FEMALE,preeti.kulkarni386@randommail.com,+91 937515956,Chennai,Tamil Nadu,600001,2017-01-06,ACTIVE,2017-01-06 09:00:00
CUST00387,Aarav,Mehta,1955-04-04,MALE,aarav.mehta387@randommail.com,+91 709882399,Kolkata,West Bengal,700001,2023-08-07,ACTIVE,2023-08-07 09:00:00
CUST00388,Arjun,Iyer,1972-03-27,MALE,arjun.iyer388@randommail.com,+91 995471581,Jaipur,Rajasthan,302001,2023-11-15,ACTIVE,2023-11-15 09:00:00
CUST00389,Ganesh,Chowdhury,1984-11-05,MALE,ganesh.chowdhury389@randommail.com,,Bangalore,Karnataka,560001,2017-08-26,ACTIVE,2017-08-26 09:00:00
CUST00390,Aarti,Sharma,1981-07-20,FEMALE,aarti.sharma390@randommail.com,+91 964158036,Ahmedabad,Gujarat,380001,2021-01-29,ACTIVE,2021-01-29 09:00:00
CUST00391,Diya,Patel,1955-01-15,FEMALE,diya.patel391@randommail.com,+91 994671004,Mumbai,Maharashtra,400001,2020-11-26,ACTIVE,2020-11-26 09:00:00
CUST00392,Divya,Gupta,1961-09-15,FEMALE,divya.gupta392@randommail.com,+91 933977282,Kolkata,West Bengal,700001,2015-09-01,ACTIVE,2015-09-01 09:00:00
CUST00393,Aditya,Deshmukh,1982-09-26,MALE,aditya.deshmukh393@randommail.com,+91 977267813,Kochi,Kerala,682001,2022-06-05,ACTIVE,2022-06-05 09:00:00
CUST00394,Amit,Rao,1978-12-11,MALE,amit.rao394@randommail.com,+91 963642476,Kochi,Kerala,682001,2019-11-25,ACTIVE,2019-11-25 09:00:00
CUST00395,Shalini,Nair,1965-08-18,FEMALE,shalini.nair395@randommail.com,+91 934745298,Chandigarh,Punjab,160017,2021-08-09,ACTIVE,2021-08-09 09:00:00
CUST00396,Sunita,Rao,1961-06-04,FEMALE,sunita.rao396@randommail.com,+91 961030163,Kochi,Kerala,682001,2021-06-04,ACTIVE,2021-06-04 09:00:00
CUST00397,Arjun,Aggarwal,1978-07-20,MALE,arjun.aggarwal397@randommail.com,+91 992746679,Ahmedabad,Gujarat,380001,2016-07-30,ACTIVE,2016-07-30 09:00:00
CUST00398,Ganesh,Chatterjee,1978-08-31,MALE,ganesh.chatterjee398@randommail.com,+91 962488575,Kochi,Kerala,682001,2022-07-07,ACTIVE,2022-07-07 09:00:00
CUST00399,Swati,Sharma,1973-10-17,FEMALE,swati.sharma399@randommail.com,+91 995186600,Kochi,Kerala,682001,2015-10-05,ACTIVE,2015-10-05 09:00:00
CUST00400,Prashant,Sharma,1954-04-27,MALE,prashant.sharma400@randommail.com,+91 888352113,Kochi,Kerala,682001,2019-09-15,INACTIVE,2019-09-15 09:00:00
CUST00401,Shruti,Das,1981-07-06,FEMALE,shruti.das401@randommail.com,+91 882701688,Ahmedabad,Gujarat,380001,2023-11-05,ACTIVE,2023-11-05 09:00:00
CUST00402,Arjun,Reddy,1956-08-12,MALE,arjun.reddy402@randommail.com,+91 985947745,Mumbai,Maharashtra,400001,2018-07-29,ACTIVE,2018-07-29 09:00:00
CUST00403,Vivaan,Nair,1965-04-06,MALE,vivaan.nair403@randommail.com,+91 883699529,Kochi,Kerala,682001,2015-11-04,ACTIVE,2015-11-04 09:00:00
CUST00404,Amit,Aggarwal,1993-04-23,MALE,amit.aggarwal404@randommail.com,+91 988236404,Chandigarh,Punjab,160017,2016-11-06,ACTIVE,2016-11-06 09:00:00
CUST00405,Kavya,Verma,1959-02-01,FEMALE,kavya.verma405@randommail.com,+91 934448564,Hyderabad,Telangana,500001,2019-08-04,ACTIVE,2019-08-04 09:00:00
CUST00406,Radhika,Rao,1976-09-06,FEMALE,radhika.rao406@randommail.com,+91 992609202,Mumbai,Maharashtra,400001,2019-05-29,ACTIVE,2019-05-29 09:00:00
CUST00407,Ishani,Verma,1982-05-16,FEMALE,ishani.verma407@randommail.com,+91 988174037,Delhi,Delhi,110001,2018-04-21,ACTIVE,2018-04-21 09:00:00
CUST00408,Sneha,Iyer,1952-04-23,FEMALE,sneha.iyer408@randommail.com,+91 993866088,Chandigarh,Punjab,160017,2018-04-10,INACTIVE,2018-04-10 09:00:00
CUST00409,Priya,Rao,1985-08-29,FEMALE,priya.rao409@randommail.com,+91 709205682,Chandigarh,Punjab,160017,2017-12-21,ACTIVE,2017-12-21 09:00:00
CUST00410,Kavya,Chatterjee,1984-03-22,FEMALE,kavya.chatterjee410@randommail.com,+91 934130342,Ahmedabad,Gujarat,380001,2015-07-02,ACTIVE,2015-07-02 09:00:00
CUST00411,Meera,Joshi,1974-02-04,FEMALE,meera.joshi411@randommail.com,+91 983535551,Kochi,Kerala,682001,2022-06-26,ACTIVE,2022-06-26 09:00:00
CUST00412,Preeti,Mukherjee,2002-11-28,FEMALE,preeti.mukherjee412@randommail.com,+91 992023137,Pune,Maharashtra,411001,2020-11-10,ACTIVE,2020-11-10 09:00:00
CUST00413,Aarti,Joshi,1992-09-23,FEMALE,aarti.joshi413@randommail.com,+91 942324645,Pune,Maharashtra,411001,2023-01-04,ACTIVE,2023-01-04 09:00:00
CUST00414,Aditya,Reddy,1965-07-05,MALE,aditya.reddy414@randommail.com,+91 964554926,Hyderabad,Telangana,500001,2016-05-31,ACTIVE,2016-05-31 09:00:00
CUST00415,Karan,Mukherjee,1968-02-12,MALE,karan.mukherjee415@randommail.com,+91 965326615,Kolkata,West Bengal,700001,2023-02-26,ACTIVE,2023-02-26 09:00:00
CUST00416,Vivaan,Das,1999-11-30,MALE,vivaan.das416@randommail.com,+91 886471499,Chennai,Tamil Nadu,600001,2020-10-29,ACTIVE,2020-10-29 09:00:00
CUST00417,Nitin,Aggarwal,2002-09-18,MALE,nitin.aggarwal417@randommail.com,+91 882887752,Pune,Maharashtra,411001,2016-09-04,ACTIVE,2016-09-04 09:00:00
CUST00418,Aditya,Chowdhury,1959-01-23,MALE,aditya.chowdhury418@randommail.com,+91 949986438,Kolkata,West Bengal,700001,2019-08-11,ACTIVE,2019-08-11 09:00:00
CUST00419,Aarti,Aggarwal,1992-06-09,FEMALE,aarti.aggarwal419@randommail.com,+91 983889032,Chennai,Tamil Nadu,600001,2019-07-09,ACTIVE,2019-07-09 09:00:00
CUST00420,Diya,Das,1979-09-28,FEMALE,diya.das420@randommail.com,+91 991826965,Kochi,Kerala,682001,2020-04-30,INACTIVE,2020-04-30 09:00:00
CUST00421,Aadhya,Nair,1977-03-10,FEMALE,aadhya.nair421@randommail.com,+91 945703436,Ahmedabad,Gujarat,380001,2022-10-22,ACTIVE,2022-10-22 09:00:00
CUST00422,Sai,Rao,1989-10-02,MALE,sai.rao422@randommail.com,+91 935520117,Kochi,Kerala,682001,2019-09-04,ACTIVE,2019-09-04 09:00:00
CUST00423,Reyansh,Reddy,1968-12-18,MALE,reyansh.reddy423@randommail.com,+91 889127895,Jaipur,Rajasthan,302001,2019-03-12,ACTIVE,2019-03-12 09:00:00
CUST00424,Vivaan,Rao,1995-06-20,MALE,vivaan.rao424@randommail.com,+91 883275826,Jaipur,Rajasthan,302001,2021-05-18,ACTIVE,2021-05-18 09:00:00
CUST00425,Reyansh,Verma,1972-05-20,MALE,reyansh.verma425@randommail.com,+91 988657937,Mumbai,Maharashtra,400001,2019-01-16,ACTIVE,2019-01-16 09:00:00
CUST00426,Ritu,Reddy,1995-04-26,FEMALE,ritu.reddy426@randommail.com,+91 883078241,Chandigarh,Punjab,160017,2015-05-06,ACTIVE,2015-05-06 09:00:00
CUST00427,Divya,Reddy,1965-12-07,FEMALE,divya.reddy427@randommail.com,+91 706867997,Kolkata,West Bengal,700001,2016-10-31,ACTIVE,2016-10-31 09:00:00
CUST00428,Bhavna,Patel,1975-07-30,FEMALE,bhavna.patel428@randommail.com,+91 987485495,Mumbai,Maharashtra,400001,2016-10-29,ACTIVE,2016-10-29 09:00:00
CUST00429,Ganesh,Pillai,1970-03-13,MALE,ganesh.pillai429@randommail.com,+91 995514473,Chandigarh,Punjab,160017,2019-08-05,ACTIVE,2019-08-05 09:00:00
CUST00430,Vijay,Singh,1965-07-16,MALE,vijay.singh430@randommail.com,+91 984754238,Chennai,Tamil Nadu,600001,2021-10-27,ACTIVE,2021-10-27 09:00:00
CUST00431,Bhavna,Pillai,1974-09-15,FEMALE,bhavna.pillai431@randommail.com,+91 887316209,Kolkata,West Bengal,700001,2020-02-24,ACTIVE,2020-02-24 09:00:00
CUST00432,Sunita,Shah,1996-09-16,FEMALE,sunita.shah432@randommail.com,+91 882716512,Mumbai,Maharashtra,400001,2020-09-26,INACTIVE,2020-09-26 09:00:00
CUST00433,Preeti,Pillai,2003-04-09,FEMALE,preeti.pillai433@randommail.com,+91 946007595,Chandigarh,Punjab,160017,2016-03-18,ACTIVE,2016-03-18 09:00:00
CUST00434,Meera,Pillai,1979-03-04,FEMALE,meera.pillai434@randommail.com,+91 945381318,Chandigarh,Punjab,160017,2022-12-22,INACTIVE,2022-12-22 09:00:00
CUST00435,Sneha,Singh,1996-05-29,FEMALE,sneha.singh435@randommail.com,+91 991952520,Lucknow,Uttar Pradesh,226001,2019-07-14,ACTIVE,2019-07-14 09:00:00
CUST00436,Prashant,Sharma,1994-08-15,MALE,prashant.sharma436@randommail.com,+91 945352450,Pune,Maharashtra,411001,2019-07-16,ACTIVE,2019-07-16 09:00:00
CUST00437,Sunil,Chowdhury,1967-01-15,MALE,sunil.chowdhury437@randommail.com,+91 934730635,Chandigarh,Punjab,160017,2020-12-29,ACTIVE,2020-12-29 09:00:00
CUST00438,Radhika,Chatterjee,1995-07-07,FEMALE,radhika.chatterjee438@randommail.com,+91 943851902,Chandigarh,Punjab,160017,2021-04-05,ACTIVE,2021-04-05 09:00:00
CUST00439,Vijay,Singh,1973-03-16,MALE,vijay.singh439@randommail.com,+91 966630978,Chandigarh,Punjab,160017,2016-01-01,ACTIVE,2016-01-01 09:00:00
CUST00440,Prashant,Rao,1987-09-22,MALE,prashant.rao440@randommail.com,+91 937235796,Chennai,Tamil Nadu,600001,2021-07-26,ACTIVE,2021-07-26 09:00:00
CUST00441,Vijay,Verma,2002-05-10,MALE,vijay.verma441@randommail.com,+91 978922531,Hyderabad,Telangana,500001,2020-08-11,ACTIVE,2020-08-11 09:00:00
CUST00442,Lakshmi,Rao,1987-01-23,FEMALE,lakshmi.rao442@randommail.com,+91 983529642,Bengaluru,Karnataka,560001,2017-03-31,ACTIVE,2017-03-31 09:00:00
CUST00443,Ishani,Nair,1966-03-07,FEMALE,ishani.nair443@randommail.com,+91 979180249,Kolkata,West Bengal,700001,2022-01-28,INACTIVE,2022-01-28 09:00:00
CUST00444,Shalini,Verma,1950-06-04,FEMALE,shalini.verma444@randommail.com,+91 705589036,Hyderabad,Telangana,500001,2023-07-15,ACTIVE,2023-07-15 09:00:00
CUST00445,Vijay,Patel,1961-08-11,MALE,vijay.patel445@randommail.com,+91 888204299,Pune,Maharashtra,411001,2019-10-24,INACTIVE,2019-10-24 09:00:00
CUST00446,Aadhya,Verma,1997-11-20,FEMALE,aadhya.verma446@randommail.com,+91 997259602,Mumbai,Maharashtra,400001,2018-08-12,ACTIVE,2018-08-12 09:00:00
CUST00447,Aarav,Shah,1950-05-16,MALE,aarav.shah447@randommail.com,+91 994796108,Kochi,Kerala,682001,2018-11-11,ACTIVE,2018-11-11 09:00:00
CUST00448,Rohan,Deshmukh,2002-10-24,MALE,rohan.deshmukh448@randommail.com,+91 943802133,Delhi,Delhi,110001,2015-07-07,ACTIVE,2015-07-07 09:00:00
CUST00449,Swati,Deshmukh,2003-07-03,FEMALE,swati.deshmukh449@randommail.com,+91 938275695,Chandigarh,Punjab,160017,2016-07-02,ACTIVE,2016-07-02 09:00:00
CUST00450,Ritu,Gupta,1964-10-16,FEMALE,ritu.gupta450@randommail.com,+91 881320859,Hyderabad,Telangana,500001,2017-07-07,ACTIVE,2017-07-07 09:00:00
CUST00451,Reyansh,Sharma,2002-11-27,MALE,,+91 963066315,Kolkata,West Bengal,700001,2022-12-22,ACTIVE,2022-12-22 09:00:00
CUST00452,Rohan,Pillai,1972-12-12,MALE,rohan.pillai452@randommail.com,+91 981804641,Chandigarh,Punjab,160017,2016-03-18,ACTIVE,2016-03-18 09:00:00
CUST00453,Vihaan,Iyer,1987-05-23,MALE,vihaan.iyer453@randommail.com,+91 707379599,Delhi,Delhi,110001,2021-02-19,ACTIVE,2021-02-19 09:00:00
CUST00454,Reyansh,Shah,1950-11-01,MALE,reyansh.shah454@randommail.com,+91 948061051,Chandigarh,Punjab,160017,2016-02-18,ACTIVE,2016-02-18 09:00:00
CUST00455,Divya,Aggarwal,1962-04-22,FEMALE,divya.aggarwal455@randommail.com,+91 882760168,Jaipur,Rajasthan,302001,2023-01-23,ACTIVE,2023-01-23 09:00:00
CUST00456,Priya,Iyer,1994-08-27,FEMALE,priya.iyer456@randommail.com,+91 994351238,Chennai,Tamil Nadu,600001,2020-11-12,INACTIVE,2020-11-12 09:00:00
CUST00457,Bhavna,Mukherjee,1976-07-01,FEMALE,bhavna.mukherjee457@randommail.com,+91 961661118,Jaipur,Rajasthan,302001,2020-07-26,ACTIVE,2020-07-26 09:00:00
CUST00458,Anita,Joshi,1950-03-31,FEMALE,anita.joshi458@randommail.com,+91 982493219, New Delhi,Delhi,110001,2021-06-09,ACTIVE,2021-06-09 09:00:00
CUST00459,Vivaan,Deshmukh,1956-09-25,MALE,vivaan.deshmukh459@randommail.com,+91 975293157,Chandigarh,Punjab,160017,2017-08-04,ACTIVE,2017-08-04 09:00:00
CUST00460,Meera,Reddy,1954-06-30,FEMALE,meera.reddy460@randommail.com,+91 973931009,Mumbai,Maharashtra,400001,2018-04-05,ACTIVE,2018-04-05 09:00:00
CUST00461,Neha,Iyer,1958-07-10,FEMALE,neha.iyer461@randommail.com,+91 981162274,Bengaluru,Karnataka,560001,2022-06-10,ACTIVE,2022-06-10 09:00:00
CUST00462,Ritu,Reddy,1974-01-26,FEMALE,ritu.reddy462@randommail.com,+91 977251562,Kolkata,West Bengal,700001,2017-01-19,ACTIVE,2017-01-19 09:00:00
CUST00463,Swati,Mehta,1984-08-09,FEMALE,swati.mehta463@randommail.com,+91 708075620,Chandigarh,Punjab,160017,2023-12-09,ACTIVE,2023-12-09 09:00:00
CUST00464,Nitin,Verma,1964-04-20,MALE,nitin.verma464@randommail.com,+91 977979786,Lucknow,Uttar Pradesh,226001,2020-05-31,ACTIVE,2020-05-31 09:00:00
CUST00465,Kavya,Aggarwal,1984-01-26,FEMALE,kavya.aggarwal465@randommail.com,+91 931483456,Chandigarh,Punjab,160017,2023-02-26,INACTIVE,2023-02-26 09:00:00
CUST00466,Vijay,Kulkarni,1960-02-18,MALE,vijay.kulkarni466@randommail.com,+91 888393515,Mumbai,Maharashtra,400001,2015-09-17,ACTIVE,2015-09-17 09:00:00
CUST00467,Aadhya,Shah,1997-01-31,FEMALE,aadhya.shah467@randommail.com,+91 996675742,Jaipur,Rajasthan,302001,2020-11-12,ACTIVE,2020-11-12 09:00:00
CUST00468,Sanjay,Shah,1972-04-20,MALE,sanjay.shah468@randommail.com,+91 706800713,Chandigarh,Punjab,160017,2022-08-02,ACTIVE,2022-08-02 09:00:00
CUST00469,Deepak,Aggarwal,1954-11-24,MALE,deepak.aggarwal469@randommail.com,+91 983632804,Jaipur,Rajasthan,302001,2020-04-06,ACTIVE,2020-04-06 09:00:00
CUST00470,Vivaan,Kulkarni,1978-10-07,MALE,vivaan.kulkarni470@randommail.com,+91 996551494,Chennai,Tamil Nadu,600001,2015-07-26,ACTIVE,2015-07-26 09:00:00
CUST00471,Deepika,Joshi,1957-01-27,FEMALE,deepika.joshi471@randommail.com,+91 708452252,Lucknow,Uttar Pradesh,226001,2020-01-10,ACTIVE,2020-01-10 09:00:00
CUST00472,Swati,Nair,1960-08-25,FEMALE,swati.nair472@randommail.com,+91 701298116,Delhi,Delhi,110001,2019-07-11,ACTIVE,2019-07-11 09:00:00
CUST00473,Vivaan,Aggarwal,1977-04-30,MALE,vivaan.aggarwal473@randommail.com,+91 998653898,Kolkata,West Bengal,700001,2019-01-28,ACTIVE,2019-01-28 09:00:00
CUST00474,Rahul,Nair,2000-04-03,MALE,rahul.nair474@randommail.com,+91 707095071,Kochi,Kerala,682001,2020-01-28,ACTIVE,2020-01-28 09:00:00
CUST00475,Aarav,Nair,1981-11-11,MALE,aarav.nair475@randommail.com,+91 949757456,Kolkata,West Bengal,700001,2022-11-15,ACTIVE,2022-11-15 09:00:00
CUST00476,Vijay,Singh,1986-09-18,MALE,vijay.singh476@randommail.com,+91 975266266,Lucknow,Uttar Pradesh,226001,2017-03-13,ACTIVE,2017-03-13 09:00:00
CUST00477,Sneha,Reddy,1967-02-05,FEMALE,sneha.reddy477@randommail.com,+91 932808009,Pune,Maharashtra,411001,2015-07-10,INACTIVE,2015-07-10 09:00:00
CUST00478,Rahul,Reddy,2002-11-14,MALE,rahul.reddy478@randommail.com,+91 969368955,Mumbai,Maharashtra,400001,2020-12-12,ACTIVE,2020-12-12 09:00:00
CUST00479,Aarti,Kulkarni,1995-08-10,FEMALE,aarti.kulkarni479@randommail.com,+91 963913368,Kochi,Kerala,682001,2016-06-09,ACTIVE,2016-06-09 09:00:00
CUST00480,Lakshmi,Das,1987-07-24,FEMALE,lakshmi.das480@randommail.com,+91 995590177,Pune,Maharashtra,411001,2018-11-05,INACTIVE,2018-11-05 09:00:00
CUST00481,Ishani,Singh,1987-01-11,FEMALE,ishani.singh481@randommail.com,+91 946266549,Kochi,Kerala,682001,2023-04-07,INACTIVE,2023-04-07 09:00:00
CUST00482,Reyansh,Gupta,1976-01-26,MALE,reyansh.gupta482@randommail.com,+91 933225862,Kochi,Kerala,682001,2022-04-16,INACTIVE,2022-04-16 09:00:00
CUST00483,Pravin,Bhatt,1978-12-03,MALE,pravin.bhatt483@randommail.com,+91 976909569,Jaipur,Rajasthan,302001,2020-05-21,ACTIVE,2020-05-21 09:00:00
CUST00484,Radhika,Bhatt,1975-08-27,FEMALE,radhika.bhatt484@randommail.com,+91 881214253,Jaipur,Rajasthan,302001,2016-03-12,ACTIVE,2016-03-12 09:00:00
CUST00485,Vihaan,Shah,1955-01-29,MALE,vihaan.shah485@randommail.com,+91 995479152,Bengaluru,Karnataka,560001,2018-03-19,ACTIVE,2018-03-19 09:00:00
CUST00486,Vihaan,Rao,1968-04-20,MALE,vihaan.rao486@randommail.com,+91 987017692,Ahmedabad,Gujarat,380001,2016-02-24,ACTIVE,2016-02-24 09:00:00
CUST00487,Prashant,Pillai,2000-05-09,MALE,prashant.pillai487@randommail.com,+91 884986190,Jaipur,Rajasthan,302001,2023-10-18,ACTIVE,2023-10-18 09:00:00
CUST00488,Bhavna,Shah,1954-03-20,FEMALE,bhavna.shah488@randommail.com,+91 887502088,Pune,Maharashtra,411001,2023-11-03,INACTIVE,2023-11-03 09:00:00
CUST00489,Preeti,Verma,1951-03-01,FEMALE,preeti.verma489@randommail.com,+91 944407238,Lucknow,Uttar Pradesh,226001,2023-10-04,ACTIVE,2023-10-04 09:00:00
CUST00490,Pooja,Pillai,1982-12-29,FEMALE,pooja.pillai490@randommail.com,+91 994246352,Chennai,Tamil Nadu,600001,2020-01-13,ACTIVE,2020-01-13 09:00:00
CUST00491,Arjun,Kumar,1996-02-06,MALE,arjun.kumar491@randommail.com,+91 977328336,mumbai ,Maharashtra,400001,2019-10-22,ACTIVE,2019-10-22 09:00:00
CUST00492,Ishani,Kumar,2002-05-24,FEMALE,ishani.kumar492@randommail.com,+91 941094709,Kolkata,West Bengal,700001,2020-03-25,ACTIVE,2020-03-25 09:00:00
CUST00493,Vihaan,Singh,1978-12-11,MALE,vihaan.singh493@randommail.com,+91 986052539,Ahmedabad,Gujarat,380001,2023-11-10,ACTIVE,2023-11-10 09:00:00
CUST00494,Ananya,Nair,1997-02-19,FEMALE,ananya.nair494@randommail.com,+91 994084811,Jaipur,Rajasthan,302001,2015-10-07,ACTIVE,2015-10-07 09:00:00
CUST00495,Sanjay,Bhatt,1998-03-07,MALE,sanjay.bhatt495@randommail.com,+91 882542590,Kolkata,West Bengal,700001,2017-06-25,ACTIVE,2017-06-25 09:00:00
CUST00496,Anita,Chatterjee,1976-05-03,FEMALE,anita.chatterjee496@randommail.com,+91 999900294,Ahmedabad,Gujarat,380001,2021-04-18,ACTIVE,2021-04-18 09:00:00
CUST00497,Aditya,Shah,1981-01-15,MALE,aditya.shah497@randommail.com,+91 705032368,Chandigarh,Punjab,160017,2021-11-18,ACTIVE,2021-11-18 09:00:00
CUST00498,Vihaan,Shah,1978-10-17,MALE,vihaan.shah498@randommail.com,+91 882902100,Pune,Maharashtra,411001,2017-11-16,ACTIVE,2017-11-16 09:00:00
CUST00499,Aadhya,Deshmukh,1983-08-22,FEMALE,aadhya.deshmukh499@randommail.com,+91 709167227,Mumbai,Maharashtra,400001,2018-04-29,ACTIVE,2018-04-29 09:00:00
CUST00500,Amit,Deshmukh,1957-05-22,MALE,amit.deshmukh500@randommail.com,+91 973808418,Jaipur,Rajasthan,302001,2020-12-24,ACTIVE,2020-12-24 09:00:00
CUST00501,Reyansh,Shah,1969-02-15,MALE,reyansh.shah501@randommail.com,+91 882743602,Hyderabad,Telangana,500001,2021-01-11,ACTIVE,2021-01-11 09:00:00
CUST00502,Shalini,Patel,1963-10-18,FEMALE,shalini.patel502@randommail.com,+91 988704520,Kochi,Kerala,682001,2018-09-20,ACTIVE,2018-09-20 09:00:00
CUST00503,Vihaan,Kumar,1972-08-07,MALE,vihaan.kumar503@randommail.com,+91 974819259,Chennai,Tamil Nadu,600001,2019-07-28,ACTIVE,2019-07-28 09:00:00
CUST00504,Neha,Nair,1951-07-08,FEMALE,neha.nair504@randommail.com,+91 882984841,Jaipur,Rajasthan,302001,2015-01-25,ACTIVE,2015-01-25 09:00:00
CUST00505,Prashant,Chowdhury,1954-01-31,MALE,prashant.chowdhury505@randommail.com,+91 977001212,Jaipur,Rajasthan,302001,2016-03-10,ACTIVE,2016-03-10 09:00:00
CUST00506,Divya,Patel,1975-04-04,FEMALE,divya.patel506@randommail.com,+91 707399057,Pune,Maharashtra,411001,2022-05-30,ACTIVE,2022-05-30 09:00:00
CUST00507,Deepak,Joshi,1962-03-27,MALE,deepak.joshi507@randommail.com,+91 885948917,Chandigarh,Punjab,160017,2016-08-13,ACTIVE,2016-08-13 09:00:00
CUST00508,Aadhya,Bhatt,1999-10-19,FEMALE,aadhya.bhatt508@randommail.com,+91 963067542,Mumbai,Maharashtra,400001,2015-01-21,ACTIVE,2015-01-21 09:00:00
CUST00509,Preeti,Bhatt,1957-08-21,FEMALE,preeti.bhatt509@randommail.com,+91 944524102,Kochi,Kerala,682001,2023-04-25,ACTIVE,2023-04-25 09:00:00
CUST00510,Sneha,Mukherjee,1995-12-26,FEMALE,sneha.mukherjee510@randommail.com,+91 963700366,Bengaluru,Karnataka,560001,2017-06-23,ACTIVE,2017-06-23 09:00:00
CUST00511,Sneha,Iyer,1966-04-09,FEMALE,sneha.iyer511@randommail.com,+91 988738745,Chandigarh,Punjab,160017,2021-03-01,ACTIVE,2021-03-01 09:00:00
CUST00512,Rajesh,Iyer,1967-09-17,MALE,rajesh.iyer512@randommail.com,+91 706550757,Kolkata,West Bengal,700001,2016-06-09,ACTIVE,2016-06-09 09:00:00
CUST00513,Aditya,Rao,1956-04-06,MALE,aditya.rao513@randommail.com,+91 996331563,Ahmedabad,Gujarat,380001,2020-01-20,ACTIVE,2020-01-20 09:00:00
CUST00514,Bhavna,Chowdhury,1963-09-03,FEMALE,bhavna.chowdhury514@randommail.com,+91 936307189,Pune,Maharashtra,411001,2016-11-21,ACTIVE,2016-11-21 09:00:00
CUST00515,Ganesh,Pillai,1989-02-15,MALE,ganesh.pillai515@randommail.com,+91 947031174,Bengaluru,Karnataka,560001,2022-08-15,ACTIVE,2022-08-15 09:00:00
CUST00516,Swati,Reddy,1982-03-09,FEMALE,swati.reddy516@randommail.com,+91 949170024,Jaipur,Rajasthan,302001,2016-03-21,ACTIVE,2016-03-21 09:00:00
CUST00517,Rajesh,Singh,1998-04-28,MALE,rajesh.singh517@randommail.com,+91 995416344,Kochi,Kerala,682001,2022-01-10,ACTIVE,2022-01-10 09:00:00
CUST00518,Aarav,Deshmukh,1952-10-19,MALE,aarav.deshmukh518@randommail.com,+91 884569531,mumbai ,Maharashtra,400001,2021-03-09,ACTIVE,2021-03-09 09:00:00
CUST00519,Shalini,Singh,1982-10-27,FEMALE,shalini.singh519@randommail.com,+91 884746463,Lucknow,Uttar Pradesh,226001,2023-03-23,ACTIVE,2023-03-23 09:00:00
CUST00520,Rahul,Deshmukh,1995-10-17,MALE,rahul.deshmukh520@randommail.com,+91 977656950,Kolkata,West Bengal,700001,2020-08-18,ACTIVE,2020-08-18 09:00:00
CUST00521,Manish,Shah,1964-11-17,MALE,manish.shah521@randommail.com,+91 968486336,Bengaluru,Karnataka,560001,2017-01-03,ACTIVE,2017-01-03 09:00:00
CUST00522,Prashant,Kulkarni,1982-03-11,MALE,prashant.kulkarni522@randommail.com,+91 984671175,Ahmedabad,Gujarat,380001,2017-08-07,ACTIVE,2017-08-07 09:00:00
CUST00523,Pooja,Verma,1968-07-20,FEMALE,pooja.verma523@randommail.com,+91 937511121,Ahmedabad,Gujarat,380001,2020-02-06,ACTIVE,2020-02-06 09:00:00
CUST00524,Alok,Nair,1959-04-06,MALE,alok.nair524@randommail.com,+91 945417710,Lucknow,Uttar Pradesh,226001,2021-02-07,ACTIVE,2021-02-07 09:00:00
CUST00525,Shalini,Das,1982-10-10,FEMALE,shalini.das525@randommail.com,+91 979668165,Chennai,Tamil Nadu,600001,2019-03-22,INACTIVE,2019-03-22 09:00:00
CUST00526,Pravin,Das,1981-08-29,MALE,pravin.das526@randommail.com,+91 939168181,Ahmedabad,Gujarat,380001,2021-10-10,ACTIVE,2021-10-10 09:00:00
CUST00527,Rahul,Kumar,1970-08-20,MALE,rahul.kumar527@randommail.com,+91 979632570,Chandigarh,Punjab,160017,2018-02-24,ACTIVE,2018-02-24 09:00:00
CUST00528,Arjun,Chatterjee,2004-01-05,MALE,arjun.chatterjee528@randommail.com,+91 974864570,Pune,Maharashtra,411001,2018-09-14,ACTIVE,2018-09-14 09:00:00
CUST00529,Radhika,Kulkarni,1992-12-22,FEMALE,radhika.kulkarni529@randommail.com,+91 993705263,Chandigarh,Punjab,160017,2019-08-11,ACTIVE,2019-08-11 09:00:00
CUST00530,Sai,Chowdhury,2003-02-22,MALE,sai.chowdhury530@randommail.com,+91 963260294,Chandigarh,Punjab,160017,2020-09-30,ACTIVE,2020-09-30 09:00:00
CUST00531,Vihaan,Kumar,1973-03-03,MALE,vihaan.kumar531@randommail.com,+91 969667792,Pune,Maharashtra,411001,2021-09-20,INACTIVE,2021-09-20 09:00:00
CUST00532,Prashant,Shah,1975-06-07,MALE,prashant.shah532@randommail.com,+91 974633834,Ahmedabad,Gujarat,380001,2021-10-20,INACTIVE,2021-10-20 09:00:00
CUST00533,Kavya,Joshi,1986-11-08,FEMALE,kavya.joshi533@randommail.com,+91 964051509,Lucknow,Uttar Pradesh,226001,2022-05-25,ACTIVE,2022-05-25 09:00:00
CUST00534,Prashant,Shah,1980-09-28,MALE,prashant.shah534@randommail.com,+91 702154992,Hyderabad,Telangana,500001,2019-03-30,ACTIVE,2019-03-30 09:00:00
CUST00535,Aarav,Gupta,1996-11-23,MALE,aarav.gupta535@randommail.com,+91 883509220,Lucknow,Uttar Pradesh,226001,2016-01-30,ACTIVE,2016-01-30 09:00:00
CUST00536,Deepak,Deshmukh,1960-07-17,MALE,deepak.deshmukh536@randommail.com,+91 979090660,Chandigarh,Punjab,160017,2016-06-17,ACTIVE,2016-06-17 09:00:00
CUST00537,Karan,Pillai,1988-09-17,MALE,karan.pillai537@randommail.com,+91 887213902,Mumbai,Maharashtra,400001,2022-10-28,ACTIVE,2022-10-28 09:00:00
CUST00538,Vijay,Das,1981-06-12,MALE,vijay.das538@randommail.com,+91 978138527,Bengaluru,Karnataka,560001,2017-11-08,ACTIVE,2017-11-08 09:00:00
CUST00539,Vivaan,Rao,2003-09-04,MALE,vivaan.rao539@randommail.com,+91 885325249,Hyderabad,Telangana,500001,2015-01-23,ACTIVE,2015-01-23 09:00:00
CUST00540,Sunil,Deshmukh,1960-07-28,MALE,sunil.deshmukh540@randommail.com,+91 987291957,Chandigarh,Punjab,160017,2017-04-21,ACTIVE,2017-04-21 09:00:00
CUST00541,Neha,Chatterjee,1959-07-25,FEMALE,neha.chatterjee541@randommail.com,+91 968148295,Chandigarh,Punjab,160017,2021-07-25,ACTIVE,2021-07-25 09:00:00
CUST00542,Aarti,Chatterjee,2004-11-23,FEMALE,aarti.chatterjee542@randommail.com,+91 947668174,hyderabad,Telangana,500001,2019-08-20,ACTIVE,2019-08-20 09:00:00
CUST00543,Kavya,Chatterjee,2000-02-28,FEMALE,kavya.chatterjee543@randommail.com,+91 705257682,Chennai,Tamil Nadu,600001,2021-06-24,ACTIVE,2021-06-24 09:00:00
CUST00544,Ishani,Shah,1960-09-07,FEMALE,ishani.shah544@randommail.com,+91 998492618,Kochi,Kerala,682001,2016-10-24,ACTIVE,2016-10-24 09:00:00
CUST00545,Anita,Bhatt,1954-09-02,FEMALE,anita.bhatt545@randommail.com,+91 967528076,Chandigarh,Punjab,160017,2015-01-22,ACTIVE,2015-01-22 09:00:00
CUST00546,Vijay,Aggarwal,1989-01-22,MALE,vijay.aggarwal546@randommail.com,+91 972075091,Chennai,Tamil Nadu,600001,2017-06-27,ACTIVE,2017-06-27 09:00:00
CUST00547,Prashant,Das,1985-12-11,MALE,prashant.das547@randommail.com,+91 941964069,Bengaluru,Karnataka,560001,2022-03-07,ACTIVE,2022-03-07 09:00:00
CUST00548,Reyansh,Shah,1996-06-26,MALE,reyansh.shah548@randommail.com,+91 944267304,Mumbai,Maharashtra,400001,2023-10-17,ACTIVE,2023-10-17 09:00:00
CUST00549,Manish,Kumar,1953-03-27,MALE,manish.kumar549@randommail.com,+91 935014060,Chandigarh,Punjab,160017,2015-01-02,INACTIVE,2015-01-02 09:00:00
CUST00550,Rajesh,Das,1981-09-06,MALE,rajesh.das550@randommail.com,+91 887802338,Lucknow,Uttar Pradesh,226001,2017-03-31,ACTIVE,2017-03-31 09:00:00
CUST00551,Vivaan,Bhatt,1975-07-11,MALE,vivaan.bhatt551@randommail.com,+91 936829664,Chennai,Tamil Nadu,600001,2017-07-15,ACTIVE,2017-07-15 09:00:00
CUST00552,Rahul,Das,2001-07-30,MALE,rahul.das552@randommail.com,+91 985380657,Bengaluru,Karnataka,560001,2019-07-26,ACTIVE,2019-07-26 09:00:00
CUST00553,Pravin,Rao,1980-07-02,MALE,pravin.rao553@randommail.com,+91 979611521,Chennai,Tamil Nadu,600001,2021-01-12,ACTIVE,2021-01-12 09:00:00
CUST00554,Bhavna,Reddy,1983-10-31,FEMALE,bhavna.reddy554@randommail.com,+91 705081447,Kolkata,West Bengal,700001,2023-09-12,ACTIVE,2023-09-12 09:00:00
CUST00555,Aarti,Sharma,1993-03-29,FEMALE,aarti.sharma555@randommail.com,+91 975325497,Delhi,Delhi,110001,2019-04-17,ACTIVE,2019-04-17 09:00:00
CUST00556,Karan,Joshi,1978-04-29,MALE,karan.joshi556@randommail.com,+91 886923972,Jaipur,Rajasthan,302001,2021-01-03,ACTIVE,2021-01-03 09:00:00
CUST00557,Pooja,Rao,1958-05-06,FEMALE,pooja.rao557@randommail.com,+91 886737688, New Delhi,Delhi,110001,2021-03-21,INACTIVE,2021-03-21 09:00:00
CUST00558,Anita,Chatterjee,1969-08-10,FEMALE,anita.chatterjee558@randommail.com,+91 944066614,Kochi,Kerala,682001,2022-08-30,INACTIVE,2022-08-30 09:00:00
CUST00559,Vijay,Gupta,1971-01-26,MALE,vijay.gupta559@randommail.com,+91 995452763,Hyderabad,Telangana,500001,2017-07-27,ACTIVE,2017-07-27 09:00:00
CUST00560,Manish,Chatterjee,1963-12-30,MALE,manish.chatterjee560@randommail.com,+91 973011227,Delhi,Delhi,110001,2022-07-31,INACTIVE,2022-07-31 09:00:00
CUST00561,Divya,Sharma,1998-07-31,FEMALE,divya.sharma561@randommail.com,+91 989091518,Kolkata,West Bengal,700001,2021-12-17,ACTIVE,2021-12-17 09:00:00
CUST00562,Shruti,Kumar,1995-11-09,FEMALE,shruti.kumar562@randommail.com,+91 947675310,Hyderabad,Telangana,500001,2023-05-31,ACTIVE,2023-05-31 09:00:00
CUST00563,Pravin,Mukherjee,1992-11-29,MALE,pravin.mukherjee563@randommail.com,+91 989430135,Kolkata,West Bengal,700001,2019-06-01,ACTIVE,2019-06-01 09:00:00
CUST00564,Rahul,Iyer,1996-06-28,MALE,rahul.iyer564@randommail.com,+91 706295749,Kochi,Kerala,682001,2015-02-04,ACTIVE,2015-02-04 09:00:00
CUST00565,Rohan,Chowdhury,1959-01-15,MALE,rohan.chowdhury565@randommail.com,+91 937066680,Lucknow,Uttar Pradesh,226001,2017-11-29,ACTIVE,2017-11-29 09:00:00
CUST00566,Pooja,Mehta,1992-04-15,FEMALE,pooja.mehta566@randommail.com,+91 937139188,Bengaluru,Karnataka,560001,2020-08-04,ACTIVE,2020-08-04 09:00:00
CUST00567,Bhavna,Chatterjee,1982-10-02,FEMALE,bhavna.chatterjee567@randommail.com,+91 885691405,Ahmedabad,Gujarat,380001,2017-01-06,ACTIVE,2017-01-06 09:00:00
CUST00568,Aditya,Mehta,1971-02-26,MALE,aditya.mehta568@randommail.com,,Hyderabad,Telangana,500001,2016-08-20,ACTIVE,2016-08-20 09:00:00
CUST00569,Vijay,Sharma,1965-11-05,MALE,,+91 889381860,Bengaluru,Karnataka,560001,2022-01-27,ACTIVE,2022-01-27 09:00:00
CUST00570,Shruti,Rao,1972-07-07,FEMALE,shruti.rao570@randommail.com,+91 987684074,Delhi,Delhi,110001,2022-09-29,ACTIVE,2022-09-29 09:00:00
CUST00571,Rajesh,Kulkarni,1958-08-22,MALE,rajesh.kulkarni571@randommail.com,+91 706614605,Chennai,Tamil Nadu,600001,2019-01-18,ACTIVE,2019-01-18 09:00:00
CUST00572,Ritu,Sharma,1986-12-10,FEMALE,ritu.sharma572@randommail.com,+91 976890320,Chandigarh,Punjab,160017,2021-10-16,ACTIVE,2021-10-16 09:00:00
CUST00573,Suresh,Chatterjee,1979-03-02,MALE,suresh.chatterjee573@randommail.com,+91 708498243,Delhi,Delhi,110001,2019-04-10,ACTIVE,2019-04-10 09:00:00
CUST00574,Shalini,Singh,1965-01-13,FEMALE,shalini.singh574@randommail.com,+91 938076906,Chandigarh,Punjab,160017,2021-11-13,ACTIVE,2021-11-13 09:00:00
CUST00575,Vivaan,Kumar,1980-10-29,MALE,vivaan.kumar575@randommail.com,+91 996259356,Kolkata,West Bengal,700001,2022-04-28,ACTIVE,2022-04-28 09:00:00
CUST00576,Divya,Pillai,1985-06-24,FEMALE,divya.pillai576@randommail.com,+91 948464156,Kolkata,West Bengal,700001,2023-05-22,ACTIVE,2023-05-22 09:00:00
CUST00577,Neha,Kumar,1966-07-01,FEMALE,neha.kumar577@randommail.com,+91 983097821,Kochi,Kerala,682001,2017-08-19,ACTIVE,2017-08-19 09:00:00
CUST00578,Reyansh,Kumar,1985-08-15,MALE,reyansh.kumar578@randommail.com,+91 972603125,Delhi,Delhi,110001,2020-04-22,ACTIVE,2020-04-22 09:00:00
CUST00579,Rohan,Deshmukh,1957-06-20,MALE,rohan.deshmukh579@randommail.com,+91 975403218,Lucknow,Uttar Pradesh,226001,2016-09-28,ACTIVE,2016-09-28 09:00:00
CUST00580,Sunita,Joshi,1972-03-12,FEMALE,sunita.joshi580@randommail.com,+91 948434998,Chandigarh,Punjab,160017,2016-06-01,ACTIVE,2016-06-01 09:00:00
CUST00581,Aarav,Verma,1982-01-05,MALE,aarav.verma581@randommail.com,+91 938988550,Ahmedabad,Gujarat,380001,2021-01-23,INACTIVE,2021-01-23 09:00:00
CUST00582,Ishani,Bhatt,1965-11-19,FEMALE,ishani.bhatt582@randommail.com,+91 708297709,Jaipur,Rajasthan,302001,2022-03-05,ACTIVE,2022-03-05 09:00:00
CUST00583,Ritu,Kulkarni,1998-06-01,FEMALE,ritu.kulkarni583@randommail.com,+91 992502467,Ahmedabad,Gujarat,380001,2018-06-15,ACTIVE,2018-06-15 09:00:00
CUST00584,Ishani,Rao,1950-12-12,FEMALE,ishani.rao584@randommail.com,+91 989779789,Bengaluru,Karnataka,560001,2018-11-09,ACTIVE,2018-11-09 09:00:00
CUST00585,Nitin,Kulkarni,1992-10-19,MALE,nitin.kulkarni585@randommail.com,+91 941153219,Pune,Maharashtra,411001,2023-12-13,ACTIVE,2023-12-13 09:00:00
CUST00586,Aarav,Bhatt,1983-07-10,MALE,aarav.bhatt586@randommail.com,+91 997907781,Jaipur,Rajasthan,302001,2019-11-26,ACTIVE,2019-11-26 09:00:00
CUST00587,Nitin,Pillai,1984-12-18,MALE,nitin.pillai587@randommail.com,+91 884700926,Chennai,Tamil Nadu,600001,2015-11-21,ACTIVE,2015-11-21 09:00:00
CUST00588,Pravin,Aggarwal,1974-05-23,MALE,pravin.aggarwal588@randommail.com,+91 949924543,Chennai,Tamil Nadu,600001,2019-08-19,ACTIVE,2019-08-19 09:00:00
CUST00589,Arjun,Singh,1975-12-25,MALE,arjun.singh589@randommail.com,+91 978639388,Lucknow,Uttar Pradesh,226001,2020-01-29,ACTIVE,2020-01-29 09:00:00
CUST00590,Sneha,Nair,1951-09-28,FEMALE,sneha.nair590@randommail.com,+91 961832687,Jaipur,Rajasthan,302001,2015-04-01,ACTIVE,2015-04-01 09:00:00
CUST00591,Suresh,Mehta,1961-03-21,MALE,suresh.mehta591@randommail.com,+91 701137641,Hyderabad,Telangana,500001,2016-01-05,ACTIVE,2016-01-05 09:00:00
CUST00592,Sneha,Nair,1987-09-14,FEMALE,sneha.nair592@randommail.com,+91 949361693,Kolkata,West Bengal,700001,2020-03-14,ACTIVE,2020-03-14 09:00:00
CUST00593,Amit,Patel,1963-02-09,MALE,amit.patel593@randommail.com,+91 985471188,Pune,Maharashtra,411001,2015-10-20,ACTIVE,2015-10-20 09:00:00
CUST00594,Reyansh,Mehta,1984-03-26,MALE,reyansh.mehta594@randommail.com,+91 983046175,Kochi,Kerala,682001,2017-10-16,ACTIVE,2017-10-16 09:00:00
CUST00595,Pooja,Verma,1967-11-14,FEMALE,pooja.verma595@randommail.com,+91 702576392,Jaipur,Rajasthan,302001,2022-06-20,INACTIVE,2022-06-20 09:00:00
CUST00596,Deepika,Shah,1978-01-01,FEMALE,deepika.shah596@randommail.com,+91 933661058,Chandigarh,Punjab,160017,2023-03-02,ACTIVE,2023-03-02 09:00:00
CUST00597,Rajesh,Kulkarni,1976-10-22,MALE,rajesh.kulkarni597@randommail.com,+91 997046955,Mumbai,Maharashtra,400001,2022-06-23,ACTIVE,2022-06-23 09:00:00
CUST00598,Ganesh,Pillai,1988-12-13,MALE,ganesh.pillai598@randommail.com,+91 931252794,Bengaluru,Karnataka,560001,2023-11-28,ACTIVE,2023-11-28 09:00:00
CUST00599,Rohan,Joshi,1950-10-20,MALE,rohan.joshi599@randommail.com,+91 988973718,Kochi,Kerala,682001,2021-09-08,ACTIVE,2021-09-08 09:00:00
CUST00600,Ganesh,Kumar,1994-11-07,MALE,,+91 976677780,Chandigarh,Punjab,160017,2015-09-03,ACTIVE,2015-09-03 09:00:00
CUST00601,Nitin,Bhatt,1959-08-21,MALE,nitin.bhatt601@randommail.com,+91 969184645,Hyderabad,Telangana,500001,2018-07-21,INACTIVE,2018-07-21 09:00:00
CUST00602,Swati,Gupta,1951-12-01,FEMALE,swati.gupta602@randommail.com,+91 887009053,Kochi,Kerala,682001,2016-07-05,ACTIVE,2016-07-05 09:00:00
CUST00603,Vijay,Reddy,2000-02-26,MALE,vijay.reddy603@randommail.com,+91 949222379,Hyderabad,Telangana,500001,2021-05-10,ACTIVE,2021-05-10 09:00:00
CUST00604,Anita,Reddy,1974-09-13,FEMALE,anita.reddy604@randommail.com,+91 962155557,Jaipur,Rajasthan,302001,2016-09-26,ACTIVE,2016-09-26 09:00:00
CUST00605,Preeti,Chatterjee,1990-09-27,FEMALE,preeti.chatterjee605@randommail.com,+91 989488562,Pune,Maharashtra,411001,2023-03-25,ACTIVE,2023-03-25 09:00:00
CUST00606,Manish,Chatterjee,1971-06-04,MALE,manish.chatterjee606@randommail.com,+91 932062698,Chandigarh,Punjab,160017,2021-01-16,ACTIVE,2021-01-16 09:00:00
CUST00607,Pravin,Shah,1994-08-21,MALE,pravin.shah607@randommail.com,+91 965750117,Kolkata,West Bengal,700001,2019-08-06,ACTIVE,2019-08-06 09:00:00
CUST00608,Aditya,Deshmukh,1955-12-25,MALE,aditya.deshmukh608@randommail.com,+91 983177250,Bengaluru,Karnataka,560001,2015-05-09,ACTIVE,2015-05-09 09:00:00
CUST00609,Sneha,Iyer,1952-11-08,FEMALE,sneha.iyer609@randommail.com,+91 889219319,Jaipur,Rajasthan,302001,2021-12-30,ACTIVE,2021-12-30 09:00:00
CUST00610,Diya,Chatterjee,1969-10-20,FEMALE,diya.chatterjee610@randommail.com,+91 971219548,Hyderabad,Telangana,500001,2022-05-09,ACTIVE,2022-05-09 09:00:00
CUST00611,Rahul,Pillai,1955-06-13,MALE,rahul.pillai611@randommail.com,+91 937978536,Kolkata,West Bengal,700001,2023-11-28,ACTIVE,2023-11-28 09:00:00
CUST00612,Lakshmi,Verma,1956-04-25,FEMALE,lakshmi.verma612@randommail.com,+91 942307538,Hyderabad,Telangana,500001,2020-10-28,ACTIVE,2020-10-28 09:00:00
CUST00613,Deepak,Das,1966-12-31,MALE,deepak.das613@randommail.com,+91 999828037,Chandigarh,Punjab,160017,2017-10-15,ACTIVE,2017-10-15 09:00:00
CUST00614,Deepak,Bhatt,1987-04-01,MALE,deepak.bhatt614@randommail.com,+91 977005628,Chandigarh,Punjab,160017,2020-02-22,ACTIVE,2020-02-22 09:00:00
CUST00615,Priya,Kumar,1966-03-09,FEMALE,priya.kumar615@randommail.com,+91 889467339,Kolkata,West Bengal,700001,2022-05-17,ACTIVE,2022-05-17 09:00:00
CUST00616,Ritu,Nair,1999-05-09,FEMALE,ritu.nair616@randommail.com,+91 937236418,Pune,Maharashtra,411001,2023-07-28,ACTIVE,2023-07-28 09:00:00
CUST00617,Divya,Joshi,2000-07-10,FEMALE,divya.joshi617@randommail.com,+91 997292514,Jaipur,Rajasthan,302001,2023-05-08,ACTIVE,2023-05-08 09:00:00
CUST00618,Swati,Das,1950-01-07,FEMALE,swati.das618@randommail.com,+91 985772818,Lucknow,Uttar Pradesh,226001,2015-03-08,ACTIVE,2015-03-08 09:00:00
CUST00619,Aadhya,Rao,1969-11-27,FEMALE,aadhya.rao619@randommail.com,+91 996283223,Mumbai,Maharashtra,400001,2023-08-27,ACTIVE,2023-08-27 09:00:00
CUST00620,Preeti,Deshmukh,1999-11-29,FEMALE,preeti.deshmukh620@randommail.com,+91 962581875,Mumbai,Maharashtra,400001,2020-02-29,ACTIVE,2020-02-29 09:00:00
CUST00621,Rajesh,Chatterjee,2002-03-25,MALE,rajesh.chatterjee621@randommail.com,+91 994908993,Chennai,Tamil Nadu,600001,2018-05-15,ACTIVE,2018-05-15 09:00:00
CUST00622,Aarti,Gupta,1956-12-04,FEMALE,aarti.gupta622@randommail.com,+91 939095563,Bengaluru,Karnataka,560001,2020-06-22,ACTIVE,2020-06-22 09:00:00
CUST00623,Manish,Pillai,1976-12-13,MALE,manish.pillai623@randommail.com,+91 987401281, New Delhi,Delhi,110001,2023-10-01,ACTIVE,2023-10-01 09:00:00
CUST00624,Ritu,Mukherjee,1987-05-15,FEMALE,ritu.mukherjee624@randommail.com,+91 974803691,Kochi,Kerala,682001,2022-04-27,ACTIVE,2022-04-27 09:00:00
CUST00625,Alok,Pillai,1984-04-25,MALE,alok.pillai625@randommail.com,+91 986113416,Jaipur,Rajasthan,302001,2015-06-18,ACTIVE,2015-06-18 09:00:00
CUST00626,Amit,Deshmukh,1969-10-23,MALE,amit.deshmukh626@randommail.com,+91 961847581,Chandigarh,Punjab,160017,2023-03-16,INACTIVE,2023-03-16 09:00:00
CUST00627,Divya,Chowdhury,1995-04-13,FEMALE,divya.chowdhury627@randommail.com,+91 974725978,Pune,Maharashtra,411001,2018-04-01,ACTIVE,2018-04-01 09:00:00
CUST00628,Sai,Nair,1957-05-28,MALE,sai.nair628@randommail.com,+91 701827302,Jaipur,Rajasthan,302001,2019-06-24,ACTIVE,2019-06-24 09:00:00
CUST00629,Lakshmi,Mukherjee,1961-09-12,FEMALE,lakshmi.mukherjee629@randommail.com,+91 969068540,Jaipur,Rajasthan,302001,2017-03-22,ACTIVE,2017-03-22 09:00:00
CUST00630,Deepak,Aggarwal,1997-01-12,MALE,deepak.aggarwal630@randommail.com,+91 995065372, New Delhi,Delhi,110001,2017-12-26,ACTIVE,2017-12-26 09:00:00
CUST00631,Radhika,Chowdhury,1958-01-14,FEMALE,radhika.chowdhury631@randommail.com,+91 977938755,Pune,Maharashtra,411001,2019-02-05,ACTIVE,2019-02-05 09:00:00
CUST00632,Ritu,Aggarwal,1952-03-04,FEMALE,ritu.aggarwal632@randommail.com,+91 943839632,Kolkata,West Bengal,700001,2021-11-29,ACTIVE,2021-11-29 09:00:00
CUST00633,Divya,Singh,1989-07-08,FEMALE,divya.singh633@randommail.com,+91 984917305,hyderabad,Telangana,500001,2022-09-08,ACTIVE,2022-09-08 09:00:00
CUST00634,Aditya,Verma,1971-10-22,MALE,aditya.verma634@randommail.com,+91 965826554,Mumbai,Maharashtra,400001,2018-11-07,ACTIVE,2018-11-07 09:00:00
CUST00635,Suresh,Reddy,1992-04-09,MALE,suresh.reddy635@randommail.com,+91 986567967,hyderabad,Telangana,500001,2023-04-20,ACTIVE,2023-04-20 09:00:00
CUST00636,Deepak,Deshmukh,1973-03-16,MALE,deepak.deshmukh636@randommail.com,+91 703371416,Kochi,Kerala,682001,2022-11-02,ACTIVE,2022-11-02 09:00:00
CUST00637,Aarti,Shah,1997-04-06,FEMALE,aarti.shah637@randommail.com,+91 985285846,Bengaluru,Karnataka,560001,2015-09-04,ACTIVE,2015-09-04 09:00:00
CUST00638,Diya,Reddy,1950-10-01,FEMALE,diya.reddy638@randommail.com,+91 977520383,Chandigarh,Punjab,160017,2018-01-16,ACTIVE,2018-01-16 09:00:00
CUST00639,Priya,Sharma,1976-03-29,FEMALE,priya.sharma639@randommail.com,+91 884878365,Pune,Maharashtra,411001,2020-09-13,INACTIVE,2020-09-13 09:00:00
CUST00640,Amit,Kulkarni,2003-07-27,MALE,amit.kulkarni640@randommail.com,+91 974127564,Hyderabad,Telangana,500001,2020-08-12,INACTIVE,2020-08-12 09:00:00
CUST00641,Vihaan,Joshi,1997-06-30,MALE,vihaan.joshi641@randommail.com,+91 946596369,Ahmedabad,Gujarat,380001,2019-05-31,ACTIVE,2019-05-31 09:00:00
CUST00642,Vikram,Shah,1981-07-28,MALE,vikram.shah642@randommail.com,+91 936072192,Hyderabad,Telangana,500001,2020-08-15,ACTIVE,2020-08-15 09:00:00
CUST00643,Alok,Mehta,1984-09-25,MALE,alok.mehta643@randommail.com,+91 985700872,Hyderabad,Telangana,500001,2016-09-13,ACTIVE,2016-09-13 09:00:00
CUST00644,Radhika,Singh,1957-11-16,FEMALE,radhika.singh644@randommail.com,+91 889736195,Chandigarh,Punjab,160017,2021-11-13,ACTIVE,2021-11-13 09:00:00
CUST00645,Sanjay,Joshi,2001-05-25,MALE,sanjay.joshi645@randommail.com,+91 968154895,Chennai,Tamil Nadu,600001,2021-10-15,ACTIVE,2021-10-15 09:00:00
CUST00646,Reyansh,Pillai,1962-06-07,MALE,reyansh.pillai646@randommail.com,+91 993317095,Chennai,Tamil Nadu,600001,2022-09-21,ACTIVE,2022-09-21 09:00:00
CUST00647,Sanjay,Singh,2000-09-03,MALE,,+91 966326702,Delhi,Delhi,110001,2021-04-01,ACTIVE,2021-04-01 09:00:00
CUST00648,Arjun,Nair,1963-01-21,MALE,arjun.nair648@randommail.com,+91 986346688,Pune,Maharashtra,411001,2019-08-12,ACTIVE,2019-08-12 09:00:00
CUST00649,Ishani,Gupta,1959-07-31,FEMALE,ishani.gupta649@randommail.com,+91 964099531,Mumbai,Maharashtra,400001,2023-07-20,INACTIVE,2023-07-20 09:00:00
CUST00650,Divya,Chowdhury,2004-12-08,FEMALE,divya.chowdhury650@randommail.com,+91 994895376,Hyderabad,Telangana,500001,2022-09-16,ACTIVE,2022-09-16 09:00:00
CUST00651,Nitin,Kulkarni,1962-01-11,MALE,nitin.kulkarni651@randommail.com,+91 707273997,Bengaluru,Karnataka,560001,2019-05-07,ACTIVE,2019-05-07 09:00:00
CUST00652,Arjun,Gupta,1970-04-20,MALE,arjun.gupta652@randommail.com,+91 987854988,Mumbai,Maharashtra,400001,2018-01-10,INACTIVE,2018-01-10 09:00:00
CUST00653,Prashant,Shah,1968-03-13,MALE,prashant.shah653@randommail.com,+91 992109583,Bengaluru,Karnataka,560001,2019-12-05,ACTIVE,2019-12-05 09:00:00
CUST00654,Bhavna,Nair,1991-01-18,FEMALE,bhavna.nair654@randommail.com,+91 998173194,Pune,Maharashtra,411001,2023-09-15,ACTIVE,2023-09-15 09:00:00
CUST00655,Anita,Das,2004-11-10,FEMALE,anita.das655@randommail.com,+91 989735042,Delhi,Delhi,110001,2020-01-24,ACTIVE,2020-01-24 09:00:00
CUST00656,Ganesh,Deshmukh,1998-04-03,MALE,ganesh.deshmukh656@randommail.com,+91 881658532,Jaipur,Rajasthan,302001,2019-05-06,ACTIVE,2019-05-06 09:00:00
CUST00657,Reyansh,Rao,1989-06-08,MALE,reyansh.rao657@randommail.com,+91 886109570,Chennai,Tamil Nadu,600001,2020-03-04,ACTIVE,2020-03-04 09:00:00
CUST00658,Divya,Verma,1996-05-19,FEMALE,divya.verma658@randommail.com,+91 968777564,Chandigarh,Punjab,160017,2020-01-25,ACTIVE,2020-01-25 09:00:00
CUST00659,Arjun,Chowdhury,1999-01-08,MALE,arjun.chowdhury659@randommail.com,+91 967594565,Pune,Maharashtra,411001,2018-08-17,ACTIVE,2018-08-17 09:00:00
CUST00660,Rahul,Chowdhury,1968-02-12,MALE,rahul.chowdhury660@randommail.com,+91 702512963,Chennai,Tamil Nadu,600001,2018-08-20,ACTIVE,2018-08-20 09:00:00
CUST00661,Nitin,Iyer,1958-03-08,MALE,nitin.iyer661@randommail.com,+91 978539654,Chandigarh,Punjab,160017,2019-01-26,ACTIVE,2019-01-26 09:00:00
CUST00662,Lakshmi,Aggarwal,1964-05-06,FEMALE,lakshmi.aggarwal662@randommail.com,+91 887385526,Mumbai,Maharashtra,400001,2023-08-13,ACTIVE,2023-08-13 09:00:00
CUST00663,Aarti,Shah,1963-06-20,FEMALE,aarti.shah663@randommail.com,+91 963426109,Bengaluru,Karnataka,560001,2023-08-17,ACTIVE,2023-08-17 09:00:00
CUST00664,Sunita,Rao,1990-01-13,FEMALE,sunita.rao664@randommail.com,+91 944031576,Delhi,Delhi,110001,2016-06-22,INACTIVE,2016-06-22 09:00:00
CUST00665,Manish,Mehta,1951-02-05,MALE,manish.mehta665@randommail.com,+91 709348805,Ahmedabad,Gujarat,380001,2021-02-04,ACTIVE,2021-02-04 09:00:00
CUST00666,Pooja,Gupta,2002-10-30,FEMALE,pooja.gupta666@randommail.com,+91 708612468,Pune,Maharashtra,411001,2019-12-15,ACTIVE,2019-12-15 09:00:00
CUST00667,Ganesh,Bhatt,1974-12-14,MALE,ganesh.bhatt667@randommail.com,+91 991820721,Bengaluru,Karnataka,560001,2016-08-30,ACTIVE,2016-08-30 09:00:00
CUST00668,Diya,Singh,1952-11-28,FEMALE,diya.singh668@randommail.com,+91 946555122,Delhi,Delhi,110001,2015-07-20,ACTIVE,2015-07-20 09:00:00
CUST00669,Arjun,Shah,1975-07-07,MALE,arjun.shah669@randommail.com,+91 968639301,Kochi,Kerala,682001,2021-06-29,ACTIVE,2021-06-29 09:00:00
CUST00670,Vivaan,Rao,1978-12-18,MALE,vivaan.rao670@randommail.com,+91 937357547,Delhi,Delhi,110001,2023-07-04,ACTIVE,2023-07-04 09:00:00
CUST00671,Suresh,Kulkarni,1962-01-26,MALE,suresh.kulkarni671@randommail.com,,Kolkata,West Bengal,700001,2020-11-28,ACTIVE,2020-11-28 09:00:00
CUST00672,Nitin,Gupta,2004-11-28,MALE,nitin.gupta672@randommail.com,+91 982833787,Lucknow,Uttar Pradesh,226001,2023-03-08,INACTIVE,2023-03-08 09:00:00
CUST00673,Vijay,Aggarwal,1975-10-07,MALE,vijay.aggarwal673@randommail.com,+91 886309796,Chennai,Tamil Nadu,600001,2020-11-22,ACTIVE,2020-11-22 09:00:00
CUST00674,Ishani,Aggarwal,2000-06-23,FEMALE,ishani.aggarwal674@randommail.com,+91 709719216,Kochi,Kerala,682001,2022-02-01,ACTIVE,2022-02-01 09:00:00
CUST00675,Manish,Joshi,1976-01-23,MALE,manish.joshi675@randommail.com,+91 991026523,Delhi,Delhi,110001,2015-04-09,ACTIVE,2015-04-09 09:00:00
CUST00676,Prashant,Gupta,1987-03-14,MALE,prashant.gupta676@randommail.com,+91 881763232,Kolkata,West Bengal,700001,2018-12-03,ACTIVE,2018-12-03 09:00:00
CUST00677,Aarav,Pillai,1968-01-19,MALE,aarav.pillai677@randommail.com,+91 945268417,Delhi,Delhi,110001,2018-06-14,ACTIVE,2018-06-14 09:00:00
CUST00678,Aadhya,Iyer,1979-11-26,FEMALE,aadhya.iyer678@randommail.com,+91 937644605,Kochi,Kerala,682001,2021-05-19,ACTIVE,2021-05-19 09:00:00
CUST00679,Arjun,Gupta,1979-08-27,MALE,arjun.gupta679@randommail.com,+91 939038102,Ahmedabad,Gujarat,380001,2023-12-10,ACTIVE,2023-12-10 09:00:00
CUST00680,Vijay,Singh,1991-04-29,MALE,vijay.singh680@randommail.com,+91 938758960,Pune,Maharashtra,411001,2023-04-30,ACTIVE,2023-04-30 09:00:00
CUST00681,Aarti,Shah,1978-04-22,FEMALE,aarti.shah681@randommail.com,+91 984494064,Lucknow,Uttar Pradesh,226001,2022-09-08,ACTIVE,2022-09-08 09:00:00
CUST00682,Ananya,Singh,1975-03-01,FEMALE,ananya.singh682@randommail.com,+91 986690033,Pune,Maharashtra,411001,2022-01-10,ACTIVE,2022-01-10 09:00:00
CUST00683,Sunil,Aggarwal,1984-12-13,MALE,sunil.aggarwal683@randommail.com,+91 962960327,Chennai,Tamil Nadu,600001,2022-11-28,ACTIVE,2022-11-28 09:00:00
CUST00684,Rajesh,Mukherjee,1957-10-15,MALE,rajesh.mukherjee684@randommail.com,+91 704986975,Kolkata,West Bengal,700001,2020-01-26,ACTIVE,2020-01-26 09:00:00
CUST00685,Sneha,Deshmukh,1977-02-14,FEMALE,sneha.deshmukh685@randommail.com,+91 962882928,Kolkata,West Bengal,700001,2023-10-21,ACTIVE,2023-10-21 09:00:00
CUST00686,Vivaan,Reddy,1995-05-25,MALE,vivaan.reddy686@randommail.com,+91 989097744,Jaipur,Rajasthan,302001,2016-09-23,ACTIVE,2016-09-23 09:00:00
CUST00687,Lakshmi,Rao,1979-05-15,FEMALE,lakshmi.rao687@randommail.com,+91 962648387,Jaipur,Rajasthan,302001,2022-08-03,INACTIVE,2022-08-03 09:00:00
CUST00688,Prashant,Verma,1991-03-19,MALE,prashant.verma688@randommail.com,+91 889763492,Delhi,Delhi,110001,2015-01-17,ACTIVE,2015-01-17 09:00:00
CUST00689,Karan,Aggarwal,1957-10-24,MALE,karan.aggarwal689@randommail.com,+91 938832877,Mumbai,Maharashtra,400001,2016-02-27,ACTIVE,2016-02-27 09:00:00
CUST00690,Aadhya,Chowdhury,1978-01-02,FEMALE,aadhya.chowdhury690@randommail.com,+91 996383479,Hyderabad,Telangana,500001,2017-02-27,ACTIVE,2017-02-27 09:00:00
CUST00691,Swati,Shah,1960-07-22,FEMALE,swati.shah691@randommail.com,+91 943505186,Bengaluru,Karnataka,560001,2018-01-25,ACTIVE,2018-01-25 09:00:00
CUST00692,Reyansh,Bhatt,1981-06-06,MALE,reyansh.bhatt692@randommail.com,+91 935547499,Bengaluru,Karnataka,560001,2022-11-25,ACTIVE,2022-11-25 09:00:00
CUST00693,Arjun,Patel,1977-12-08,MALE,arjun.patel693@randommail.com,+91 938443172,Mumbai,Maharashtra,400001,2016-06-16,ACTIVE,2016-06-16 09:00:00
CUST00694,Aditya,Das,1954-10-29,MALE,aditya.das694@randommail.com,,Pune,Maharashtra,411001,2017-01-03,ACTIVE,2017-01-03 09:00:00
CUST00695,Divya,Chatterjee,1978-01-12,FEMALE,divya.chatterjee695@randommail.com,+91 934324357,Kochi,Kerala,682001,2023-07-04,ACTIVE,2023-07-04 09:00:00
CUST00696,Rahul,Chowdhury,1961-10-28,MALE,rahul.chowdhury696@randommail.com,+91 978856366, New Delhi,Delhi,110001,2020-02-10,ACTIVE,2020-02-10 09:00:00
CUST00697,Shruti,Joshi,1970-01-29,FEMALE,shruti.joshi697@randommail.com,+91 965329406,Kolkata,West Bengal,700001,2019-05-25,ACTIVE,2019-05-25 09:00:00
CUST00698,Anita,Reddy,1993-09-26,FEMALE,anita.reddy698@randommail.com,+91 982096646,Ahmedabad,Gujarat,380001,2016-04-07,ACTIVE,2016-04-07 09:00:00
CUST00699,Kavya,Rao,1981-04-11,FEMALE,kavya.rao699@randommail.com,+91 969521981,Delhi,Delhi,110001,2019-07-20,ACTIVE,2019-07-20 09:00:00
CUST00700,Amit,Bhatt,1956-05-13,MALE,amit.bhatt700@randommail.com,+91 949937987,Ahmedabad,Gujarat,380001,2019-06-30,ACTIVE,2019-06-30 09:00:00
CUST00701,Manish,Joshi,1999-02-28,MALE,manish.joshi701@randommail.com,+91 969092903,Pune,Maharashtra,411001,2015-09-28,ACTIVE,2015-09-28 09:00:00
CUST00702,Neha,Chowdhury,1980-09-13,FEMALE,neha.chowdhury702@randommail.com,+91 993903892,Chandigarh,Punjab,160017,2022-07-05,ACTIVE,2022-07-05 09:00:00
CUST00703,Priya,Chowdhury,2003-06-24,FEMALE,priya.chowdhury703@randommail.com,+91 706458938,Jaipur,Rajasthan,302001,2016-02-04,ACTIVE,2016-02-04 09:00:00
CUST00704,Suresh,Das,1956-03-30,MALE,suresh.das704@randommail.com,+91 977357071,Kolkata,West Bengal,700001,2020-07-17,ACTIVE,2020-07-17 09:00:00
CUST00705,Vivaan,Gupta,1962-06-19,MALE,vivaan.gupta705@randommail.com,+91 983461642,Chandigarh,Punjab,160017,2016-09-03,ACTIVE,2016-09-03 09:00:00
CUST00706,Deepika,Aggarwal,2001-11-06,FEMALE,deepika.aggarwal706@randommail.com,+91 704282741,Hyderabad,Telangana,500001,2022-08-23,ACTIVE,2022-08-23 09:00:00
CUST00707,Aarti,Shah,1977-04-28,FEMALE,aarti.shah707@randommail.com,+91 886775801, New Delhi,Delhi,110001,2021-07-14,ACTIVE,2021-07-14 09:00:00
CUST00708,Ishani,Rao,1955-08-08,FEMALE,ishani.rao708@randommail.com,+91 931891328,Mumbai,Maharashtra,400001,2022-11-20,ACTIVE,2022-11-20 09:00:00
CUST00709,Priya,Rao,1952-10-18,FEMALE,priya.rao709@randommail.com,+91 998242984,Kochi,Kerala,682001,2021-08-14,ACTIVE,2021-08-14 09:00:00
CUST00710,Bhavna,Das,1986-06-05,FEMALE,bhavna.das710@randommail.com,+91 888301277,Jaipur,Rajasthan,302001,2017-05-15,ACTIVE,2017-05-15 09:00:00
CUST00711,Ishani,Gupta,1999-10-31,FEMALE,ishani.gupta711@randommail.com,+91 887044627,Pune,Maharashtra,411001,2016-09-23,ACTIVE,2016-09-23 09:00:00
CUST00712,Sai,Sharma,1956-06-08,MALE,sai.sharma712@randommail.com,+91 983415850,Kochi,Kerala,682001,2020-06-16,ACTIVE,2020-06-16 09:00:00
CUST00713,Vivaan,Singh,1987-04-23,MALE,vivaan.singh713@randommail.com,+91 708142130,Lucknow,Uttar Pradesh,226001,2017-01-06,ACTIVE,2017-01-06 09:00:00
CUST00714,Preeti,Reddy,1984-07-07,FEMALE,preeti.reddy714@randommail.com,+91 934787304,Bengaluru,Karnataka,560001,2019-10-06,ACTIVE,2019-10-06 09:00:00
CUST00715,Pooja,Deshmukh,1974-02-26,FEMALE,pooja.deshmukh715@randommail.com,+91 887156735,Mumbai,Maharashtra,400001,2015-06-05,ACTIVE,2015-06-05 09:00:00
CUST00716,Priya,Chowdhury,1993-03-14,FEMALE,priya.chowdhury716@randommail.com,+91 973383832,Kochi,Kerala,682001,2023-03-15,ACTIVE,2023-03-15 09:00:00
CUST00717,Swati,Deshmukh,1957-01-07,FEMALE,swati.deshmukh717@randommail.com,+91 975114298,Ahmedabad,Gujarat,380001,2022-01-27,ACTIVE,2022-01-27 09:00:00
CUST00718,Karan,Pillai,1998-05-17,MALE,karan.pillai718@randommail.com,+91 941885405,Kolkata,West Bengal,700001,2020-12-31,ACTIVE,2020-12-31 09:00:00
CUST00719,Swati,Deshmukh,1992-02-05,FEMALE,swati.deshmukh719@randommail.com,+91 938063478,Kolkata,West Bengal,700001,2023-12-14,ACTIVE,2023-12-14 09:00:00
CUST00720,Vihaan,Aggarwal,1977-04-12,MALE,vihaan.aggarwal720@randommail.com,+91 942030419,Chandigarh,Punjab,160017,2020-04-22,ACTIVE,2020-04-22 09:00:00
CUST00721,Karan,Rao,1952-06-13,MALE,karan.rao721@randommail.com,+91 949132926,Delhi,Delhi,110001,2016-06-03,ACTIVE,2016-06-03 09:00:00
CUST00722,Meera,Singh,1975-03-17,FEMALE,meera.singh722@randommail.com,+91 945311001,Mumbai,Maharashtra,400001,2023-04-25,ACTIVE,2023-04-25 09:00:00
CUST00723,Sunil,Singh,1990-01-26,MALE,sunil.singh723@randommail.com,+91 933942713,Chennai,Tamil Nadu,600001,2023-10-11,ACTIVE,2023-10-11 09:00:00
CUST00724,Kavya,Deshmukh,1952-12-20,FEMALE,kavya.deshmukh724@randommail.com,+91 932416021,Bengaluru,Karnataka,560001,2021-09-05,INACTIVE,2021-09-05 09:00:00
CUST00725,Vijay,Mukherjee,1984-05-17,MALE,vijay.mukherjee725@randommail.com,+91 998385078,Kochi,Kerala,682001,2022-02-24,ACTIVE,2022-02-24 09:00:00
CUST00726,Diya,Pillai,1973-09-20,FEMALE,diya.pillai726@randommail.com,+91 971881193,Bengaluru,Karnataka,560001,2020-03-15,ACTIVE,2020-03-15 09:00:00
CUST00727,Shruti,Bhatt,1970-12-18,FEMALE,shruti.bhatt727@randommail.com,+91 887544296,Ahmedabad,Gujarat,380001,2017-12-11,ACTIVE,2017-12-11 09:00:00
CUST00728,Aadhya,Rao,1990-04-07,FEMALE,aadhya.rao728@randommail.com,+91 886296376,Jaipur,Rajasthan,302001,2022-08-29,INACTIVE,2022-08-29 09:00:00
CUST00729,Deepak,Pillai,1981-09-29,MALE,deepak.pillai729@randommail.com,+91 885573311,Kolkata,West Bengal,700001,2018-01-12,ACTIVE,2018-01-12 09:00:00
CUST00730,Rajesh,Pillai,2002-05-30,MALE,rajesh.pillai730@randommail.com,+91 888736118,Chandigarh,Punjab,160017,2023-05-27,ACTIVE,2023-05-27 09:00:00
CUST00731,Pravin,Nair,1966-02-21,MALE,pravin.nair731@randommail.com,+91 931177469,Chandigarh,Punjab,160017,2015-02-04,ACTIVE,2015-02-04 09:00:00
CUST00732,Sanjay,Iyer,1997-02-14,MALE,sanjay.iyer732@randommail.com,+91 978481668,Kolkata,West Bengal,700001,2017-06-17,ACTIVE,2017-06-17 09:00:00
CUST00733,Sneha,Verma,1952-02-16,FEMALE,sneha.verma733@randommail.com,+91 971954320,Lucknow,Uttar Pradesh,226001,2022-05-13,ACTIVE,2022-05-13 09:00:00
CUST00734,Manish,Pillai,1960-12-04,MALE,manish.pillai734@randommail.com,+91 972449322,Lucknow,Uttar Pradesh,226001,2016-06-16,ACTIVE,2016-06-16 09:00:00
CUST00735,Aditya,Kumar,1972-09-23,MALE,aditya.kumar735@randommail.com,+91 948834214,Chandigarh,Punjab,160017,2015-11-07,ACTIVE,2015-11-07 09:00:00
CUST00736,Neha,Shah,1979-01-06,FEMALE,neha.shah736@randommail.com,+91 943717339,Delhi,Delhi,110001,2018-02-09,ACTIVE,2018-02-09 09:00:00
CUST00737,Deepika,Nair,1955-05-23,FEMALE,,+91 945440339,Bengaluru,Karnataka,560001,2019-12-10,ACTIVE,2019-12-10 09:00:00
CUST00738,Manish,Das,1966-01-04,MALE,manish.das738@randommail.com,+91 702819161,Bengaluru,Karnataka,560001,2021-01-23,ACTIVE,2021-01-23 09:00:00
CUST00739,Manish,Pillai,1959-07-14,MALE,manish.pillai739@randommail.com,+91 705345236, New Delhi,Delhi,110001,2015-05-23,ACTIVE,2015-05-23 09:00:00
CUST00740,Swati,Sharma,1994-08-26,FEMALE,swati.sharma740@randommail.com,+91 961014556,Mumbai,Maharashtra,400001,2022-06-15,ACTIVE,2022-06-15 09:00:00
CUST00741,Nitin,Nair,1985-02-09,MALE,nitin.nair741@randommail.com,+91 989646691,Kochi,Kerala,682001,2023-08-24,ACTIVE,2023-08-24 09:00:00
CUST00742,Deepika,Patel,1998-06-16,FEMALE,deepika.patel742@randommail.com,+91 991055488,Pune,Maharashtra,411001,2022-09-24,ACTIVE,2022-09-24 09:00:00
CUST00743,Priya,Chowdhury,1998-01-09,FEMALE,priya.chowdhury743@randommail.com,+91 936594190,Chandigarh,Punjab,160017,2018-05-25,ACTIVE,2018-05-25 09:00:00
CUST00744,Vikram,Bhatt,1980-07-05,MALE,vikram.bhatt744@randommail.com,+91 978711468,Chennai,Tamil Nadu,600001,2022-04-07,ACTIVE,2022-04-07 09:00:00
CUST00745,Rohan,Shah,1967-02-19,MALE,rohan.shah745@randommail.com,+91 947544871,Delhi,Delhi,110001,2022-01-27,ACTIVE,2022-01-27 09:00:00
CUST00746,Ananya,Pillai,1989-04-17,FEMALE,ananya.pillai746@randommail.com,+91 993347853,Mumbai,Maharashtra,400001,2017-03-01,ACTIVE,2017-03-01 09:00:00
CUST00747,Vijay,Das,1955-08-27,MALE,vijay.das747@randommail.com,+91 949383308,Jaipur,Rajasthan,302001,2020-01-15,INACTIVE,2020-01-15 09:00:00
CUST00748,Vihaan,Nair,1955-01-11,MALE,vihaan.nair748@randommail.com,+91 931718308,Pune,Maharashtra,411001,2016-04-29,ACTIVE,2016-04-29 09:00:00
CUST00749,Radhika,Bhatt,1963-05-13,FEMALE,radhika.bhatt749@randommail.com,+91 992208521,Mumbai,Maharashtra,400001,2023-04-01,ACTIVE,2023-04-01 09:00:00
CUST00750,Vijay,Aggarwal,1954-02-09,MALE,vijay.aggarwal750@randommail.com,+91 993190059,Mumbai,Maharashtra,400001,2016-12-06,ACTIVE,2016-12-06 09:00:00
CUST00751,Priya,Reddy,2004-11-01,FEMALE,priya.reddy751@randommail.com,+91 962073030,Delhi,Delhi,110001,2016-04-12,ACTIVE,2016-04-12 09:00:00
CUST00752,Vivaan,Gupta,1988-03-28,MALE,vivaan.gupta752@randommail.com,+91 937744585,Kolkata,West Bengal,700001,2016-05-09,INACTIVE,2016-05-09 09:00:00
CUST00753,Amit,Gupta,1954-02-02,MALE,amit.gupta753@randommail.com,+91 966628818,Delhi,Delhi,110001,2016-05-09,ACTIVE,2016-05-09 09:00:00
CUST00754,Kavya,Chatterjee,1999-08-26,FEMALE,kavya.chatterjee754@randommail.com,+91 968359513,Hyderabad,Telangana,500001,2021-07-11,ACTIVE,2021-07-11 09:00:00
CUST00755,Alok,Aggarwal,1983-09-30,MALE,alok.aggarwal755@randommail.com,+91 961262233,Ahmedabad,Gujarat,380001,2015-11-27,ACTIVE,2015-11-27 09:00:00
CUST00756,Vivaan,Pillai,2003-04-08,MALE,vivaan.pillai756@randommail.com,+91 947983050,Kochi,Kerala,682001,2023-11-20,ACTIVE,2023-11-20 09:00:00
CUST00757,Reyansh,Singh,1974-04-23,MALE,reyansh.singh757@randommail.com,+91 707912738,Hyderabad,Telangana,500001,2016-12-15,ACTIVE,2016-12-15 09:00:00
CUST00758,Manish,Kumar,1994-11-06,MALE,manish.kumar758@randommail.com,+91 976053293,Kolkata,West Bengal,700001,2019-09-12,ACTIVE,2019-09-12 09:00:00
CUST00759,Reyansh,Iyer,1997-07-26,MALE,reyansh.iyer759@randommail.com,+91 977071696,Jaipur,Rajasthan,302001,2020-09-09,ACTIVE,2020-09-09 09:00:00
CUST00760,Rajesh,Verma,1967-05-19,MALE,rajesh.verma760@randommail.com,+91 973503452,Chandigarh,Punjab,160017,2020-04-27,ACTIVE,2020-04-27 09:00:00
CUST00761,Karan,Verma,1954-11-06,MALE,karan.verma761@randommail.com,+91 935782589,Hyderabad,Telangana,500001,2019-11-16,ACTIVE,2019-11-16 09:00:00
CUST00762,Diya,Iyer,1954-09-15,FEMALE,diya.iyer762@randommail.com,+91 963651565,Mumbai,Maharashtra,400001,2020-06-09,ACTIVE,2020-06-09 09:00:00
CUST00763,Ganesh,Reddy,2003-03-05,MALE,ganesh.reddy763@randommail.com,+91 938030765,Hyderabad,Telangana,500001,2023-05-19,ACTIVE,2023-05-19 09:00:00
CUST00764,Pooja,Iyer,1979-04-05,FEMALE,pooja.iyer764@randommail.com,+91 992645243,Hyderabad,Telangana,500001,2023-04-10,ACTIVE,2023-04-10 09:00:00
CUST00765,Rohan,Joshi,1956-08-06,MALE,rohan.joshi765@randommail.com,+91 709127012,Mumbai,Maharashtra,400001,2019-11-21,ACTIVE,2019-11-21 09:00:00
CUST00766,Kavya,Das,1983-07-05,FEMALE,kavya.das766@randommail.com,+91 968679606,Kochi,Kerala,682001,2017-03-06,ACTIVE,2017-03-06 09:00:00
CUST00767,Sneha,Nair,1961-05-31,FEMALE,sneha.nair767@randommail.com,+91 982000789,Chennai,Tamil Nadu,600001,2016-07-13,ACTIVE,2016-07-13 09:00:00
CUST00768,Swati,Mukherjee,1965-05-11,FEMALE,swati.mukherjee768@randommail.com,+91 934688530,Chennai,Tamil Nadu,600001,2021-10-08,ACTIVE,2021-10-08 09:00:00
CUST00769,Sunil,Bhatt,1970-08-10,MALE,sunil.bhatt769@randommail.com,+91 977907115,Jaipur,Rajasthan,302001,2020-06-26,ACTIVE,2020-06-26 09:00:00
CUST00770,Sunil,Kulkarni,1991-07-08,MALE,sunil.kulkarni770@randommail.com,+91 941243334,Kochi,Kerala,682001,2019-10-20,ACTIVE,2019-10-20 09:00:00
CUST00771,Ganesh,Nair,1988-12-16,MALE,ganesh.nair771@randommail.com,+91 993499296,Lucknow,Uttar Pradesh,226001,2015-01-21,ACTIVE,2015-01-21 09:00:00
CUST00772,Vihaan,Kulkarni,1995-03-28,MALE,vihaan.kulkarni772@randommail.com,+91 988142021,Jaipur,Rajasthan,302001,2019-06-04,ACTIVE,2019-06-04 09:00:00
CUST00773,Rahul,Kulkarni,1971-07-31,MALE,rahul.kulkarni773@randommail.com,+91 971208423,Kochi,Kerala,682001,2023-03-17,ACTIVE,2023-03-17 09:00:00
CUST00774,Sai,Chatterjee,1976-07-15,MALE,sai.chatterjee774@randommail.com,+91 992522188,Mumbai,Maharashtra,400001,2020-05-19,ACTIVE,2020-05-19 09:00:00
CUST00775,Nitin,Reddy,2001-03-04,MALE,nitin.reddy775@randommail.com,+91 988630962,Ahmedabad,Gujarat,380001,2023-08-28,ACTIVE,2023-08-28 09:00:00
CUST00776,Kavya,Chatterjee,1991-08-28,FEMALE,kavya.chatterjee776@randommail.com,+91 982186125,Pune,Maharashtra,411001,2022-09-30,ACTIVE,2022-09-30 09:00:00
CUST00777,Suresh,Mukherjee,1974-03-16,MALE,suresh.mukherjee777@randommail.com,+91 992358267,Lucknow,Uttar Pradesh,226001,2018-10-07,ACTIVE,2018-10-07 09:00:00
CUST00778,Pravin,Shah,1982-08-28,MALE,pravin.shah778@randommail.com,+91 982861709,Pune,Maharashtra,411001,2019-02-06,ACTIVE,2019-02-06 09:00:00
CUST00779,Vikram,Chatterjee,1965-09-22,MALE,vikram.chatterjee779@randommail.com,+91 974434507,Bengaluru,Karnataka,560001,2018-10-03,ACTIVE,2018-10-03 09:00:00
CUST00780,Alok,Kulkarni,2002-01-17,MALE,alok.kulkarni780@randommail.com,+91 994782209,Kolkata,West Bengal,700001,2018-12-15,ACTIVE,2018-12-15 09:00:00
CUST00781,Meera,Verma,1955-09-08,FEMALE,meera.verma781@randommail.com,+91 936791940,Ahmedabad,Gujarat,380001,2020-06-14,ACTIVE,2020-06-14 09:00:00
CUST00782,Vijay,Bhatt,1997-10-21,MALE,vijay.bhatt782@randommail.com,+91 948582938,Lucknow,Uttar Pradesh,226001,2019-02-16,ACTIVE,2019-02-16 09:00:00
CUST00783,Reyansh,Reddy,1957-10-31,MALE,reyansh.reddy783@randommail.com,+91 977554564,Bengaluru,Karnataka,560001,2018-03-27,INACTIVE,2018-03-27 09:00:00
CUST00784,Aditya,Kumar,1974-10-04,MALE,,+91 973482256,Ahmedabad,Gujarat,380001,2016-09-08,ACTIVE,2016-09-08 09:00:00
CUST00785,Suresh,Mukherjee,1998-07-29,MALE,suresh.mukherjee785@randommail.com,+91 968950805,Kolkata,West Bengal,700001,2019-09-17,ACTIVE,2019-09-17 09:00:00
CUST00786,Suresh,Gupta,1955-08-25,MALE,suresh.gupta786@randommail.com,+91 984897818,Jaipur,Rajasthan,302001,2022-03-25,ACTIVE,2022-03-25 09:00:00
CUST00787,Shalini,Pillai,1979-04-11,FEMALE,shalini.pillai787@randommail.com,+91 709894713,Jaipur,Rajasthan,302001,2019-12-29,ACTIVE,2019-12-29 09:00:00
CUST00788,Suresh,Kumar,1973-04-29,MALE,suresh.kumar788@randommail.com,+91 999124251,Kolkata,West Bengal,700001,2018-03-26,ACTIVE,2018-03-26 09:00:00
CUST00789,Sai,Chatterjee,1975-07-07,MALE,sai.chatterjee789@randommail.com,+91 703791109,Lucknow,Uttar Pradesh,226001,2016-10-20,ACTIVE,2016-10-20 09:00:00
CUST00790,Kavya,Kumar,1963-10-09,FEMALE,kavya.kumar790@randommail.com,+91 964991389,Delhi,Delhi,110001,2015-06-18,INACTIVE,2015-06-18 09:00:00
CUST00791,Rahul,Mehta,1983-03-02,MALE,rahul.mehta791@randommail.com,+91 964441935,Jaipur,Rajasthan,302001,2022-12-06,ACTIVE,2022-12-06 09:00:00
CUST00792,Ritu,Singh,1983-06-16,FEMALE,ritu.singh792@randommail.com,+91 703727935,Jaipur,Rajasthan,302001,2018-05-20,ACTIVE,2018-05-20 09:00:00
CUST00793,Rohan,Kulkarni,1963-01-16,MALE,rohan.kulkarni793@randommail.com,+91 706372365,Bengaluru,Karnataka,560001,2015-01-18,INACTIVE,2015-01-18 09:00:00
CUST00794,Shalini,Rao,1992-07-08,FEMALE,shalini.rao794@randommail.com,+91 943467651,Lucknow,Uttar Pradesh,226001,2023-03-04,ACTIVE,2023-03-04 09:00:00
CUST00795,Anita,Iyer,1992-12-21,FEMALE,anita.iyer795@randommail.com,+91 983339134,Chandigarh,Punjab,160017,2021-03-06,ACTIVE,2021-03-06 09:00:00
CUST00796,Rohan,Aggarwal,1969-10-08,MALE,rohan.aggarwal796@randommail.com,+91 706996068,Delhi,Delhi,110001,2018-08-29,ACTIVE,2018-08-29 09:00:00
CUST00797,Sunil,Deshmukh,1969-12-06,MALE,sunil.deshmukh797@randommail.com,+91 944283564,Mumbai,Maharashtra,400001,2015-12-09,ACTIVE,2015-12-09 09:00:00
CUST00798,Radhika,Shah,1957-11-03,FEMALE,radhika.shah798@randommail.com,+91 884262330,Ahmedabad,Gujarat,380001,2018-07-25,ACTIVE,2018-07-25 09:00:00
CUST00799,Karan,Chatterjee,1985-09-01,MALE,karan.chatterjee799@randommail.com,+91 968174616,Kolkata,West Bengal,700001,2019-05-01,ACTIVE,2019-05-01 09:00:00
CUST00800,Ritu,Chatterjee,1977-08-22,FEMALE,ritu.chatterjee800@randommail.com,+91 702469661,Hyderabad,Telangana,500001,2023-03-01,ACTIVE,2023-03-01 09:00:00
CUST00801,Swati,Rao,1964-09-11,FEMALE,swati.rao801@randommail.com,+91 887949018,Bengaluru,Karnataka,560001,2021-08-02,ACTIVE,2021-08-02 09:00:00
CUST00802,Reyansh,Rao,1992-07-31,MALE,reyansh.rao802@randommail.com,+91 932109238,Lucknow,Uttar Pradesh,226001,2023-06-25,ACTIVE,2023-06-25 09:00:00
CUST00803,Sanjay,Pillai,1974-07-10,MALE,sanjay.pillai803@randommail.com,+91 883934217,Jaipur,Rajasthan,302001,2020-03-07,ACTIVE,2020-03-07 09:00:00
CUST00804,Reyansh,Kumar,1984-04-01,MALE,reyansh.kumar804@randommail.com,+91 949230660,Mumbai,Maharashtra,400001,2018-05-21,ACTIVE,2018-05-21 09:00:00
CUST00805,Shruti,Bhatt,1991-07-31,FEMALE,shruti.bhatt805@randommail.com,+91 991450300,Mumbai,Maharashtra,400001,2016-09-22,ACTIVE,2016-09-22 09:00:00
CUST00806,Priya,Pillai,1975-10-23,FEMALE,priya.pillai806@randommail.com,+91 884009367,Ahmedabad,Gujarat,380001,2022-09-18,ACTIVE,2022-09-18 09:00:00
CUST00807,Aditya,Mehta,1994-03-27,MALE,aditya.mehta807@randommail.com,,Lucknow,Uttar Pradesh,226001,2020-05-22,ACTIVE,2020-05-22 09:00:00
CUST00808,Shalini,Shah,1992-09-15,FEMALE,shalini.shah808@randommail.com,+91 977261294,Jaipur,Rajasthan,302001,2023-03-22,ACTIVE,2023-03-22 09:00:00
CUST00809,Kavya,Chowdhury,1955-04-02,FEMALE,kavya.chowdhury809@randommail.com,+91 966363359,Ahmedabad,Gujarat,380001,2022-10-10,ACTIVE,2022-10-10 09:00:00
CUST00810,Vihaan,Mehta,1982-05-27,MALE,vihaan.mehta810@randommail.com,+91 886972425,Mumbai,Maharashtra,400001,2018-04-02,ACTIVE,2018-04-02 09:00:00
CUST00811,Pravin,Gupta,1966-06-10,MALE,pravin.gupta811@randommail.com,+91 973804075,Jaipur,Rajasthan,302001,2018-08-14,ACTIVE,2018-08-14 09:00:00
CUST00812,Meera,Shah,1982-07-11,FEMALE,meera.shah812@randommail.com,+91 979966085,Lucknow,Uttar Pradesh,226001,2018-12-11,ACTIVE,2018-12-11 09:00:00
CUST00813,Sai,Deshmukh,1975-04-01,MALE,sai.deshmukh813@randommail.com,+91 939135255,Pune,Maharashtra,411001,2018-10-25,INACTIVE,2018-10-25 09:00:00
CUST00814,Aditya,Gupta,1963-11-13,MALE,aditya.gupta814@randommail.com,+91 994161109,Jaipur,Rajasthan,302001,2021-11-17,ACTIVE,2021-11-17 09:00:00
CUST00815,Sanjay,Reddy,1956-11-08,MALE,sanjay.reddy815@randommail.com,+91 973201710,mumbai ,Maharashtra,400001,2020-05-18,ACTIVE,2020-05-18 09:00:00
CUST00816,Ishani,Reddy,2003-08-14,FEMALE,ishani.reddy816@randommail.com,+91 933889156,Kochi,Kerala,682001,2018-06-01,ACTIVE,2018-06-01 09:00:00
CUST00817,Ganesh,Singh,1962-10-09,MALE,ganesh.singh817@randommail.com,+91 996157791,Bengaluru,Karnataka,560001,2017-05-09,ACTIVE,2017-05-09 09:00:00
CUST00818,Sanjay,Iyer,1956-12-22,MALE,sanjay.iyer818@randommail.com,+91 989124448,Pune,Maharashtra,411001,2015-06-24,ACTIVE,2015-06-24 09:00:00
CUST00819,Karan,Deshmukh,2003-03-21,MALE,karan.deshmukh819@randommail.com,+91 988869895,Delhi,Delhi,110001,2017-11-02,ACTIVE,2017-11-02 09:00:00
CUST00820,Radhika,Sharma,1958-08-29,FEMALE,radhika.sharma820@randommail.com,+91 974446060,Lucknow,Uttar Pradesh,226001,2017-03-30,ACTIVE,2017-03-30 09:00:00
CUST00821,Aadhya,Patel,1963-01-22,FEMALE,aadhya.patel821@randommail.com,+91 946835728,Kolkata,West Bengal,700001,2016-10-19,ACTIVE,2016-10-19 09:00:00
CUST00822,Pravin,Chowdhury,1956-02-18,MALE,pravin.chowdhury822@randommail.com,+91 971234617,Jaipur,Rajasthan,302001,2017-06-07,ACTIVE,2017-06-07 09:00:00
CUST00823,Kavya,Bhatt,1950-05-22,FEMALE,kavya.bhatt823@randommail.com,+91 974590582,Jaipur,Rajasthan,302001,2022-12-08,ACTIVE,2022-12-08 09:00:00
CUST00824,Rahul,Shah,1959-08-18,MALE,rahul.shah824@randommail.com,+91 966952931,Pune,Maharashtra,411001,2019-10-04,ACTIVE,2019-10-04 09:00:00
CUST00825,Sanjay,Iyer,1978-03-13,MALE,sanjay.iyer825@randommail.com,+91 978816533,Delhi,Delhi,110001,2020-10-29,ACTIVE,2020-10-29 09:00:00
CUST00826,Bhavna,Rao,1999-12-26,FEMALE,bhavna.rao826@randommail.com,+91 982379891,Kolkata,West Bengal,700001,2020-07-15,ACTIVE,2020-07-15 09:00:00
CUST00827,Swati,Aggarwal,1977-12-28,FEMALE,swati.aggarwal827@randommail.com,+91 704789527,Jaipur,Rajasthan,302001,2019-07-27,ACTIVE,2019-07-27 09:00:00
CUST00828,Sneha,Patel,1992-09-03,FEMALE,sneha.patel828@randommail.com,+91 934008109,Mumbai,Maharashtra,400001,2022-07-24,ACTIVE,2022-07-24 09:00:00
CUST00829,Rohan,Reddy,1996-11-21,MALE,rohan.reddy829@randommail.com,+91 973000143,Bengaluru,Karnataka,560001,2019-06-06,ACTIVE,2019-06-06 09:00:00
CUST00830,Prashant,Kumar,1955-10-22,MALE,prashant.kumar830@randommail.com,+91 934340115,Kolkata,West Bengal,700001,2017-03-31,ACTIVE,2017-03-31 09:00:00
CUST00831,Priya,Joshi,1988-02-07,FEMALE,priya.joshi831@randommail.com,+91 705672762,Kochi,Kerala,682001,2023-08-04,ACTIVE,2023-08-04 09:00:00
CUST00832,Shalini,Das,1981-12-12,FEMALE,shalini.das832@randommail.com,+91 707785437,Ahmedabad,Gujarat,380001,2020-09-25,ACTIVE,2020-09-25 09:00:00
CUST00833,Priya,Iyer,1972-06-28,FEMALE,priya.iyer833@randommail.com,+91 709342869,Hyderabad,Telangana,500001,2022-01-17,INACTIVE,2022-01-17 09:00:00
CUST00834,Aditya,Verma,1956-02-14,MALE,aditya.verma834@randommail.com,+91 701448771,Bengaluru,Karnataka,560001,2019-04-17,ACTIVE,2019-04-17 09:00:00
CUST00835,Ishani,Rao,1958-08-23,FEMALE,ishani.rao835@randommail.com,+91 979723295,Ahmedabad,Gujarat,380001,2023-11-22,ACTIVE,2023-11-22 09:00:00
CUST00836,Radhika,Kulkarni,1993-12-25,FEMALE,radhika.kulkarni836@randommail.com,+91 946764913,Jaipur,Rajasthan,302001,2021-02-16,ACTIVE,2021-02-16 09:00:00
CUST00837,Sanjay,Iyer,1984-06-01,MALE,sanjay.iyer837@randommail.com,+91 706277427,Pune,Maharashtra,411001,2019-12-18,ACTIVE,2019-12-18 09:00:00
CUST00838,Arjun,Bhatt,1977-03-10,MALE,arjun.bhatt838@randommail.com,+91 969245659,Pune,Maharashtra,411001,2016-07-04,ACTIVE,2016-07-04 09:00:00
CUST00839,Shruti,Iyer,2001-01-13,FEMALE,shruti.iyer839@randommail.com,+91 708882244,Ahmedabad,Gujarat,380001,2021-04-21,ACTIVE,2021-04-21 09:00:00
CUST00840,Rohan,Mehta,1994-05-20,MALE,rohan.mehta840@randommail.com,+91 886918393,Chennai,Tamil Nadu,600001,2018-08-05,ACTIVE,2018-08-05 09:00:00
CUST00841,Sai,Chatterjee,1981-04-19,MALE,sai.chatterjee841@randommail.com,+91 986725334,Pune,Maharashtra,411001,2016-02-03,ACTIVE,2016-02-03 09:00:00
CUST00842,Neha,Chatterjee,1955-01-24,FEMALE,neha.chatterjee842@randommail.com,+91 995154272,Hyderabad,Telangana,500001,2022-04-08,ACTIVE,2022-04-08 09:00:00
CUST00843,Nitin,Patel,1977-05-10,MALE,nitin.patel843@randommail.com,+91 976663891,Bangalore,Karnataka,560001,2015-03-22,ACTIVE,2015-03-22 09:00:00
CUST00844,Rahul,Shah,1987-11-26,MALE,rahul.shah844@randommail.com,+91 885473122,Mumbai,Maharashtra,400001,2022-10-21,ACTIVE,2022-10-21 09:00:00
CUST00845,Amit,Das,2001-03-03,MALE,amit.das845@randommail.com,+91 886409332,Lucknow,Uttar Pradesh,226001,2016-02-05,ACTIVE,2016-02-05 09:00:00
CUST00846,Nitin,Shah,1968-06-22,MALE,nitin.shah846@randommail.com,+91 939333769,Jaipur,Rajasthan,302001,2023-07-31,ACTIVE,2023-07-31 09:00:00
CUST00847,Manish,Rao,1982-08-06,MALE,manish.rao847@randommail.com,+91 884384948,Ahmedabad,Gujarat,380001,2022-02-15,ACTIVE,2022-02-15 09:00:00
CUST00848,Deepak,Gupta,1975-10-13,MALE,deepak.gupta848@randommail.com,+91 941797443,Chennai,Tamil Nadu,600001,2021-06-07,ACTIVE,2021-06-07 09:00:00
CUST00849,Manish,Patel,2001-11-15,MALE,manish.patel849@randommail.com,+91 976651204,Chennai,Tamil Nadu,600001,2015-10-03,ACTIVE,2015-10-03 09:00:00
CUST00850,Neha,Gupta,1981-02-27,FEMALE,neha.gupta850@randommail.com,+91 976064152,Jaipur,Rajasthan,302001,2018-05-13,ACTIVE,2018-05-13 09:00:00
CUST00851,Sneha,Mukherjee,1986-02-03,FEMALE,sneha.mukherjee851@randommail.com,+91 949646460,Ahmedabad,Gujarat,380001,2022-07-13,ACTIVE,2022-07-13 09:00:00
CUST00852,Aarav,Pillai,1996-04-24,MALE,aarav.pillai852@randommail.com,,Hyderabad,Telangana,500001,2022-05-30,INACTIVE,2022-05-30 09:00:00
CUST00853,Meera,Pillai,1997-10-17,FEMALE,meera.pillai853@randommail.com,+91 882004647,Jaipur,Rajasthan,302001,2017-04-01,ACTIVE,2017-04-01 09:00:00
CUST00854,Ganesh,Singh,1976-12-09,MALE,ganesh.singh854@randommail.com,+91 887883025,Kolkata,West Bengal,700001,2015-09-21,ACTIVE,2015-09-21 09:00:00
CUST00855,Meera,Rao,1964-05-29,FEMALE,meera.rao855@randommail.com,+91 944961601,Pune,Maharashtra,411001,2017-09-03,ACTIVE,2017-09-03 09:00:00
CUST00856,Aarav,Joshi,1977-11-10,MALE,aarav.joshi856@randommail.com,+91 709143364,Jaipur,Rajasthan,302001,2019-11-22,ACTIVE,2019-11-22 09:00:00
CUST00857,Reyansh,Kumar,1974-06-20,MALE,reyansh.kumar857@randommail.com,+91 961488919,Chennai,Tamil Nadu,600001,2023-11-09,ACTIVE,2023-11-09 09:00:00
CUST00858,Alok,Verma,1993-08-03,MALE,alok.verma858@randommail.com,+91 981928237, New Delhi,Delhi,110001,2018-07-09,ACTIVE,2018-07-09 09:00:00
CUST00859,Sanjay,Chatterjee,1958-02-07,MALE,sanjay.chatterjee859@randommail.com,+91 883358208,Hyderabad,Telangana,500001,2016-04-03,ACTIVE,2016-04-03 09:00:00
CUST00860,Pravin,Shah,2002-01-27,MALE,pravin.shah860@randommail.com,+91 949329067, New Delhi,Delhi,110001,2017-09-02,ACTIVE,2017-09-02 09:00:00
CUST00861,Anita,Chowdhury,1984-12-25,FEMALE,anita.chowdhury861@randommail.com,+91 998094564,Hyderabad,Telangana,500001,2016-08-13,ACTIVE,2016-08-13 09:00:00
CUST00862,Rajesh,Reddy,1986-08-21,MALE,rajesh.reddy862@randommail.com,+91 941938272,Ahmedabad,Gujarat,380001,2020-12-25,ACTIVE,2020-12-25 09:00:00
CUST00863,Amit,Bhatt,1988-01-08,MALE,amit.bhatt863@randommail.com,+91 705133011,Chennai,Tamil Nadu,600001,2023-10-18,INACTIVE,2023-10-18 09:00:00
CUST00864,Shruti,Chatterjee,1977-08-25,FEMALE,shruti.chatterjee864@randommail.com,,Kochi,Kerala,682001,2022-06-05,ACTIVE,2022-06-05 09:00:00
CUST00865,Nitin,Shah,1971-07-03,MALE,nitin.shah865@randommail.com,+91 947454030,Chennai,Tamil Nadu,600001,2022-03-02,INACTIVE,2022-03-02 09:00:00
CUST00866,Radhika,Iyer,1997-12-27,FEMALE,radhika.iyer866@randommail.com,+91 998422287,Pune,Maharashtra,411001,2015-02-02,ACTIVE,2015-02-02 09:00:00
CUST00867,Meera,Rao,1958-02-05,FEMALE,meera.rao867@randommail.com,+91 995989928,Hyderabad,Telangana,500001,2016-10-18,ACTIVE,2016-10-18 09:00:00
CUST00868,Shalini,Mukherjee,1953-01-15,FEMALE,,+91 942343763,Ahmedabad,Gujarat,380001,2020-04-13,ACTIVE,2020-04-13 09:00:00
CUST00869,Bhavna,Mukherjee,1959-01-03,FEMALE,bhavna.mukherjee869@randommail.com,+91 965378351,Jaipur,Rajasthan,302001,2015-09-29,ACTIVE,2015-09-29 09:00:00
CUST00870,Swati,Sharma,1954-09-04,FEMALE,swati.sharma870@randommail.com,+91 968439100,Chandigarh,Punjab,160017,2016-07-11,ACTIVE,2016-07-11 09:00:00
CUST00871,Alok,Rao,1978-02-23,MALE,alok.rao871@randommail.com,+91 972859388,Bengaluru,Karnataka,560001,2017-10-19,ACTIVE,2017-10-19 09:00:00
CUST00872,Manish,Shah,1986-10-24,MALE,manish.shah872@randommail.com,+91 938574743,Ahmedabad,Gujarat,380001,2023-03-31,ACTIVE,2023-03-31 09:00:00
CUST00873,Karan,Chowdhury,1979-05-23,MALE,karan.chowdhury873@randommail.com,+91 944333024,Delhi,Delhi,110001,2019-08-25,ACTIVE,2019-08-25 09:00:00
CUST00874,Deepika,Chowdhury,1970-02-20,FEMALE,deepika.chowdhury874@randommail.com,+91 981385374,Jaipur,Rajasthan,302001,2022-04-04,ACTIVE,2022-04-04 09:00:00
CUST00875,Vivaan,Reddy,1967-10-15,MALE,vivaan.reddy875@randommail.com,+91 943831255,Mumbai,Maharashtra,400001,2019-07-01,ACTIVE,2019-07-01 09:00:00
CUST00876,Ishani,Patel,1983-01-04,FEMALE,ishani.patel876@randommail.com,+91 962968815,Mumbai,Maharashtra,400001,2023-01-22,ACTIVE,2023-01-22 09:00:00
CUST00877,Radhika,Kulkarni,1960-08-19,FEMALE,radhika.kulkarni877@randommail.com,+91 994408213,Hyderabad,Telangana,500001,2023-10-09,ACTIVE,2023-10-09 09:00:00
CUST00878,Deepika,Singh,1988-09-11,FEMALE,deepika.singh878@randommail.com,+91 994616607,Chennai,Tamil Nadu,600001,2023-02-24,ACTIVE,2023-02-24 09:00:00
CUST00879,Kavya,Mukherjee,1963-02-04,FEMALE,kavya.mukherjee879@randommail.com,+91 985868629,Chennai,Tamil Nadu,600001,2017-08-22,ACTIVE,2017-08-22 09:00:00
CUST00880,Vikram,Chowdhury,1991-02-08,MALE,vikram.chowdhury880@randommail.com,+91 971173144,Ahmedabad,Gujarat,380001,2016-06-29,ACTIVE,2016-06-29 09:00:00
CUST00881,Radhika,Gupta,1984-05-28,FEMALE,radhika.gupta881@randommail.com,+91 885298752,Delhi,Delhi,110001,2016-01-26,ACTIVE,2016-01-26 09:00:00
CUST00882,Amit,Joshi,1992-04-01,MALE,amit.joshi882@randommail.com,+91 931763562,Mumbai,Maharashtra,400001,2017-11-04,ACTIVE,2017-11-04 09:00:00
CUST00883,Sunita,Das,1983-04-11,FEMALE,sunita.das883@randommail.com,+91 961689962,Lucknow,Uttar Pradesh,226001,2017-01-04,ACTIVE,2017-01-04 09:00:00
CUST00884,Anita,Reddy,1961-11-01,FEMALE,anita.reddy884@randommail.com,+91 976323702,Kochi,Kerala,682001,2020-12-12,ACTIVE,2020-12-12 09:00:00
CUST00885,Priya,Nair,1953-12-18,FEMALE,priya.nair885@randommail.com,+91 969375364,Chennai,Tamil Nadu,600001,2023-05-22,ACTIVE,2023-05-22 09:00:00
CUST00886,Sunita,Mehta,2004-12-27,FEMALE,sunita.mehta886@randommail.com,+91 949673362,Kolkata,West Bengal,700001,2019-11-20,ACTIVE,2019-11-20 09:00:00
CUST00887,Shruti,Singh,1999-11-08,FEMALE,shruti.singh887@randommail.com,+91 701892920,Hyderabad,Telangana,500001,2016-08-31,ACTIVE,2016-08-31 09:00:00
CUST00888,Vihaan,Kulkarni,1973-05-07,MALE,vihaan.kulkarni888@randommail.com,+91 968837188,Pune,Maharashtra,411001,2016-04-20,INACTIVE,2016-04-20 09:00:00
CUST00889,Diya,Reddy,1981-12-26,FEMALE,diya.reddy889@randommail.com,+91 708679933,Ahmedabad,Gujarat,380001,2016-04-05,ACTIVE,2016-04-05 09:00:00
CUST00890,Aditya,Chatterjee,1958-05-25,MALE,aditya.chatterjee890@randommail.com,+91 995766683,Bengaluru,Karnataka,560001,2016-11-20,ACTIVE,2016-11-20 09:00:00
CUST00891,Aarti,Shah,2002-07-18,FEMALE,aarti.shah891@randommail.com,+91 991069218,Jaipur,Rajasthan,302001,2023-08-08,ACTIVE,2023-08-08 09:00:00
CUST00892,Ananya,Joshi,1994-09-09,FEMALE,ananya.joshi892@randommail.com,+91 976513962,Mumbai,Maharashtra,400001,2018-03-10,ACTIVE,2018-03-10 09:00:00
CUST00893,Rohan,Chatterjee,2002-12-18,MALE,rohan.chatterjee893@randommail.com,+91 976428072,Bengaluru,Karnataka,560001,2015-04-29,ACTIVE,2015-04-29 09:00:00
CUST00894,Swati,Pillai,1974-03-01,FEMALE,swati.pillai894@randommail.com,+91 986526866,Mumbai,Maharashtra,400001,2022-05-11,ACTIVE,2022-05-11 09:00:00
CUST00895,Anita,Chowdhury,1961-08-08,FEMALE,anita.chowdhury895@randommail.com,+91 991816752,Chandigarh,Punjab,160017,2018-03-04,ACTIVE,2018-03-04 09:00:00
CUST00896,Prashant,Patel,1999-02-02,MALE,prashant.patel896@randommail.com,+91 882552748,Pune,Maharashtra,411001,2017-11-11,ACTIVE,2017-11-11 09:00:00
CUST00897,Ananya,Sharma,1968-09-06,FEMALE,ananya.sharma897@randommail.com,+91 967517997,Pune,Maharashtra,411001,2018-03-13,ACTIVE,2018-03-13 09:00:00
CUST00898,Aditya,Rao,1994-01-14,MALE,aditya.rao898@randommail.com,+91 886202636,Chandigarh,Punjab,160017,2021-10-07,ACTIVE,2021-10-07 09:00:00
CUST00899,Vikram,Deshmukh,1967-12-07,MALE,vikram.deshmukh899@randommail.com,+91 708473283,Pune,Maharashtra,411001,2020-05-05,ACTIVE,2020-05-05 09:00:00
CUST00900,Ananya,Mukherjee,1983-01-14,FEMALE,ananya.mukherjee900@randommail.com,+91 968283088,Chandigarh,Punjab,160017,2019-10-11,ACTIVE,2019-10-11 09:00:00
CUST00901,Swati,Shah,1970-02-12,FEMALE,swati.shah901@randommail.com,+91 969310128,Jaipur,Rajasthan,302001,2022-01-22,ACTIVE,2022-01-22 09:00:00
CUST00902,Suresh,Reddy,1989-03-28,MALE,suresh.reddy902@randommail.com,+91 979012989,Chennai,Tamil Nadu,600001,2016-08-31,INACTIVE,2016-08-31 09:00:00
CUST00903,Pooja,Deshmukh,1988-05-16,FEMALE,pooja.deshmukh903@randommail.com,+91 941800747,Jaipur,Rajasthan,302001,2015-11-10,ACTIVE,2015-11-10 09:00:00
CUST00904,Pravin,Mukherjee,1987-01-20,MALE,pravin.mukherjee904@randommail.com,+91 978795642,Chandigarh,Punjab,160017,2023-01-29,ACTIVE,2023-01-29 09:00:00
CUST00905,Ritu,Mehta,2002-07-14,FEMALE,ritu.mehta905@randommail.com,+91 979446398,Mumbai,Maharashtra,400001,2016-04-11,ACTIVE,2016-04-11 09:00:00
CUST00906,Kavya,Kumar,1985-04-03,FEMALE,kavya.kumar906@randommail.com,+91 982397383,Pune,Maharashtra,411001,2022-11-25,ACTIVE,2022-11-25 09:00:00
CUST00907,Radhika,Reddy,1973-10-12,FEMALE,,,Hyderabad,Telangana,500001,2017-01-28,ACTIVE,2017-01-28 09:00:00
CUST00908,Radhika,Iyer,1988-12-01,FEMALE,radhika.iyer908@randommail.com,+91 981098097,Pune,Maharashtra,411001,2016-04-22,ACTIVE,2016-04-22 09:00:00
CUST00909,Swati,Das,2003-12-31,FEMALE,swati.das909@randommail.com,+91 706080140,Lucknow,Uttar Pradesh,226001,2021-12-01,ACTIVE,2021-12-01 09:00:00
CUST00910,Sunita,Patel,1961-03-22,FEMALE,sunita.patel910@randommail.com,+91 961232799,Hyderabad,Telangana,500001,2016-04-03,ACTIVE,2016-04-03 09:00:00
CUST00911,Aarav,Gupta,1993-03-01,MALE,aarav.gupta911@randommail.com,+91 965056398,Pune,Maharashtra,411001,2022-01-08,ACTIVE,2022-01-08 09:00:00
CUST00912,Vivaan,Rao,1991-07-30,MALE,vivaan.rao912@randommail.com,+91 968952217,Pune,Maharashtra,411001,2015-03-31,ACTIVE,2015-03-31 09:00:00
CUST00913,Prashant,Reddy,1993-07-08,MALE,prashant.reddy913@randommail.com,+91 701329299,Ahmedabad,Gujarat,380001,2021-07-25,ACTIVE,2021-07-25 09:00:00
CUST00914,Aarti,Das,1954-07-27,FEMALE,aarti.das914@randommail.com,+91 931132108,Delhi,Delhi,110001,2022-01-26,ACTIVE,2022-01-26 09:00:00
CUST00915,Neha,Kulkarni,2001-11-30,FEMALE,neha.kulkarni915@randommail.com,+91 941621045,Ahmedabad,Gujarat,380001,2019-06-26,ACTIVE,2019-06-26 09:00:00
CUST00916,Pooja,Verma,1997-05-25,FEMALE,pooja.verma916@randommail.com,+91 988080061,Lucknow,Uttar Pradesh,226001,2018-07-17,ACTIVE,2018-07-17 09:00:00
CUST00917,Shalini,Mukherjee,1992-06-19,FEMALE,shalini.mukherjee917@randommail.com,+91 979301178,Lucknow,Uttar Pradesh,226001,2022-03-31,ACTIVE,2022-03-31 09:00:00
CUST00918,Aadhya,Kumar,1975-11-03,FEMALE,aadhya.kumar918@randommail.com,+91 998872548,Kolkata,West Bengal,700001,2019-11-30,ACTIVE,2019-11-30 09:00:00
CUST00919,Sunil,Shah,1980-06-05,MALE,sunil.shah919@randommail.com,+91 703200475,Chennai,Tamil Nadu,600001,2023-02-09,ACTIVE,2023-02-09 09:00:00
CUST00920,Radhika,Pillai,1982-04-27,FEMALE,radhika.pillai920@randommail.com,+91 703718341,Lucknow,Uttar Pradesh,226001,2017-04-28,ACTIVE,2017-04-28 09:00:00
CUST00921,Karan,Kulkarni,1961-08-01,MALE,karan.kulkarni921@randommail.com,+91 964346789,Bengaluru,Karnataka,560001,2021-10-17,ACTIVE,2021-10-17 09:00:00
CUST00922,Shruti,Rao,1971-01-22,FEMALE,shruti.rao922@randommail.com,+91 991789356,Mumbai,Maharashtra,400001,2019-01-09,ACTIVE,2019-01-09 09:00:00
CUST00923,Radhika,Kumar,1965-09-04,FEMALE,radhika.kumar923@randommail.com,+91 982068131,Kolkata,West Bengal,700001,2019-10-30,ACTIVE,2019-10-30 09:00:00
CUST00924,Aditya,Bhatt,1970-02-08,MALE,aditya.bhatt924@randommail.com,+91 705325537,Kolkata,West Bengal,700001,2023-10-20,ACTIVE,2023-10-20 09:00:00
CUST00925,Deepak,Mehta,1963-07-25,MALE,deepak.mehta925@randommail.com,+91 971845941,Ahmedabad,Gujarat,380001,2023-12-17,ACTIVE,2023-12-17 09:00:00
CUST00926,Aditya,Aggarwal,2004-09-11,MALE,aditya.aggarwal926@randommail.com,+91 971704130,Jaipur,Rajasthan,302001,2016-03-07,ACTIVE,2016-03-07 09:00:00
CUST00927,Reyansh,Chatterjee,1964-02-02,MALE,reyansh.chatterjee927@randommail.com,+91 948407441,Jaipur,Rajasthan,302001,2020-08-03,ACTIVE,2020-08-03 09:00:00
CUST00928,Sai,Pillai,1982-08-19,MALE,sai.pillai928@randommail.com,+91 933311438,Delhi,Delhi,110001,2017-04-06,ACTIVE,2017-04-06 09:00:00
CUST00929,Aadhya,Joshi,1992-06-30,FEMALE,aadhya.joshi929@randommail.com,+91 935811005,Jaipur,Rajasthan,302001,2016-12-02,ACTIVE,2016-12-02 09:00:00
CUST00930,Bhavna,Mukherjee,1982-05-10,FEMALE,bhavna.mukherjee930@randommail.com,+91 993543614,Jaipur,Rajasthan,302001,2019-09-24,ACTIVE,2019-09-24 09:00:00
CUST00931,Sanjay,Mukherjee,1986-09-21,MALE,sanjay.mukherjee931@randommail.com,+91 709659648,Chandigarh,Punjab,160017,2019-01-21,INACTIVE,2019-01-21 09:00:00
CUST00932,Ishani,Sharma,1996-05-31,FEMALE,ishani.sharma932@randommail.com,+91 972422342,Kolkata,West Bengal,700001,2018-07-13,ACTIVE,2018-07-13 09:00:00
CUST00933,Sanjay,Verma,1985-04-13,MALE,sanjay.verma933@randommail.com,,Lucknow,Uttar Pradesh,226001,2015-08-25,INACTIVE,2015-08-25 09:00:00
CUST00934,Neha,Das,1999-09-01,FEMALE,neha.das934@randommail.com,+91 946262932,Kolkata,West Bengal,700001,2015-02-02,ACTIVE,2015-02-02 09:00:00
CUST00935,Nitin,Das,1990-01-11,MALE,,+91 998417942,Kochi,Kerala,682001,2018-11-15,ACTIVE,2018-11-15 09:00:00
CUST00936,Sneha,Rao,1957-07-24,FEMALE,sneha.rao936@randommail.com,+91 986611860,Pune,Maharashtra,411001,2023-02-18,ACTIVE,2023-02-18 09:00:00
CUST00937,Pravin,Bhatt,1975-06-22,MALE,pravin.bhatt937@randommail.com,+91 992557253,Jaipur,Rajasthan,302001,2021-03-10,ACTIVE,2021-03-10 09:00:00
CUST00938,Shalini,Kumar,1952-02-07,FEMALE,shalini.kumar938@randommail.com,+91 985340101,Hyderabad,Telangana,500001,2023-09-06,ACTIVE,2023-09-06 09:00:00
CUST00939,Lakshmi,Iyer,1955-05-19,FEMALE,lakshmi.iyer939@randommail.com,+91 935357990,Chandigarh,Punjab,160017,2020-09-09,ACTIVE,2020-09-09 09:00:00
CUST00940,Alok,Iyer,1990-04-05,MALE,alok.iyer940@randommail.com,+91 941087466,Ahmedabad,Gujarat,380001,2018-10-20,INACTIVE,2018-10-20 09:00:00
CUST00941,Vikram,Rao,1975-07-12,MALE,vikram.rao941@randommail.com,+91 967336179,Jaipur,Rajasthan,302001,2023-04-09,ACTIVE,2023-04-09 09:00:00
CUST00942,Lakshmi,Chowdhury,1967-04-11,FEMALE,lakshmi.chowdhury942@randommail.com,+91 938622050,Delhi,Delhi,110001,2016-08-23,ACTIVE,2016-08-23 09:00:00
CUST00943,Ananya,Patel,1955-07-31,FEMALE,ananya.patel943@randommail.com,+91 883182100,Ahmedabad,Gujarat,380001,2017-05-29,ACTIVE,2017-05-29 09:00:00
CUST00944,Radhika,Deshmukh,1986-02-18,FEMALE,radhika.deshmukh944@randommail.com,+91 885424046,Lucknow,Uttar Pradesh,226001,2020-08-05,ACTIVE,2020-08-05 09:00:00
CUST00945,Bhavna,Kulkarni,1987-05-28,FEMALE,bhavna.kulkarni945@randommail.com,+91 963421727,Jaipur,Rajasthan,302001,2016-06-04,ACTIVE,2016-06-04 09:00:00
CUST00946,Ishani,Deshmukh,1997-06-21,FEMALE,ishani.deshmukh946@randommail.com,+91 974567549,Ahmedabad,Gujarat,380001,2020-04-22,ACTIVE,2020-04-22 09:00:00
CUST00947,Deepak,Chatterjee,1960-08-27,MALE,deepak.chatterjee947@randommail.com,+91 882851133,Delhi,Delhi,110001,2019-02-22,ACTIVE,2019-02-22 09:00:00
CUST00948,Pravin,Singh,1960-07-25,MALE,pravin.singh948@randommail.com,+91 936115785,Kolkata,West Bengal,700001,2018-05-27,ACTIVE,2018-05-27 09:00:00
CUST00949,Sai,Singh,2002-11-24,MALE,sai.singh949@randommail.com,+91 881816229,Chennai,Tamil Nadu,600001,2018-03-07,ACTIVE,2018-03-07 09:00:00
CUST00950,Aadhya,Iyer,1999-02-14,FEMALE,aadhya.iyer950@randommail.com,+91 932133544,mumbai ,Maharashtra,400001,2019-09-07,ACTIVE,2019-09-07 09:00:00
CUST00951,Aarti,Reddy,1980-04-22,FEMALE,aarti.reddy951@randommail.com,+91 888972995,Kochi,Kerala,682001,2021-10-16,ACTIVE,2021-10-16 09:00:00
CUST00952,Pravin,Pillai,1991-05-09,MALE,pravin.pillai952@randommail.com,+91 708534223,Bangalore,Karnataka,560001,2023-03-01,ACTIVE,2023-03-01 09:00:00
CUST00953,Deepika,Joshi,1985-06-22,FEMALE,deepika.joshi953@randommail.com,+91 931768727,Chandigarh,Punjab,160017,2019-12-20,ACTIVE,2019-12-20 09:00:00
CUST00954,Arjun,Sharma,2001-04-26,MALE,arjun.sharma954@randommail.com,+91 943076710,Chandigarh,Punjab,160017,2021-04-10,ACTIVE,2021-04-10 09:00:00
CUST00955,Sunil,Deshmukh,1966-12-29,MALE,sunil.deshmukh955@randommail.com,+91 709432879,Mumbai,Maharashtra,400001,2016-05-07,ACTIVE,2016-05-07 09:00:00
CUST00956,Aarav,Mehta,1968-06-18,MALE,aarav.mehta956@randommail.com,+91 998452933,Delhi,Delhi,110001,2020-12-25,ACTIVE,2020-12-25 09:00:00
CUST00957,Aarti,Verma,1994-02-03,FEMALE,aarti.verma957@randommail.com,+91 986703524,Pune,Maharashtra,411001,2017-01-09,ACTIVE,2017-01-09 09:00:00
CUST00958,Deepika,Mehta,1958-03-02,FEMALE,deepika.mehta958@randommail.com,+91 972666541,Jaipur,Rajasthan,302001,2016-11-19,ACTIVE,2016-11-19 09:00:00
CUST00959,Rajesh,Patel,1963-11-02,MALE,rajesh.patel959@randommail.com,+91 947832964,Chandigarh,Punjab,160017,2016-11-24,ACTIVE,2016-11-24 09:00:00
CUST00960,Kavya,Sharma,1955-04-01,FEMALE,kavya.sharma960@randommail.com,+91 947542102,Delhi,Delhi,110001,2018-08-03,ACTIVE,2018-08-03 09:00:00
CUST00961,Meera,Das,1960-11-07,FEMALE,meera.das961@randommail.com,+91 984398383,Hyderabad,Telangana,500001,2023-06-08,ACTIVE,2023-06-08 09:00:00
CUST00962,Vijay,Deshmukh,1995-04-03,MALE,vijay.deshmukh962@randommail.com,+91 882930745,Chennai,Tamil Nadu,600001,2015-09-06,ACTIVE,2015-09-06 09:00:00
CUST00963,Ananya,Kulkarni,1952-08-05,FEMALE,ananya.kulkarni963@randommail.com,+91 884921514,Mumbai,Maharashtra,400001,2018-01-07,ACTIVE,2018-01-07 09:00:00
CUST00964,Ganesh,Bhatt,1961-04-07,MALE,ganesh.bhatt964@randommail.com,+91 947824064,Ahmedabad,Gujarat,380001,2015-12-10,ACTIVE,2015-12-10 09:00:00
CUST00965,Sai,Chatterjee,1998-06-27,MALE,sai.chatterjee965@randommail.com,+91 965113127,Jaipur,Rajasthan,302001,2019-10-02,INACTIVE,2019-10-02 09:00:00
CUST00966,Diya,Sharma,1991-09-08,FEMALE,diya.sharma966@randommail.com,+91 943808198,mumbai ,Maharashtra,400001,2015-09-04,INACTIVE,2015-09-04 09:00:00
CUST00967,Meera,Aggarwal,1972-07-05,FEMALE,meera.aggarwal967@randommail.com,+91 886895814,Chandigarh,Punjab,160017,2017-05-21,ACTIVE,2017-05-21 09:00:00
CUST00968,Diya,Kumar,1997-12-01,FEMALE,diya.kumar968@randommail.com,+91 976043874,Delhi,Delhi,110001,2019-06-08,ACTIVE,2019-06-08 09:00:00
CUST00969,Prashant,Bhatt,1975-01-27,MALE,prashant.bhatt969@randommail.com,+91 884537478,Lucknow,Uttar Pradesh,226001,2020-08-29,INACTIVE,2020-08-29 09:00:00
CUST00970,Radhika,Nair,1973-06-13,FEMALE,radhika.nair970@randommail.com,+91 705580400,Hyderabad,Telangana,500001,2022-06-05,INACTIVE,2022-06-05 09:00:00
CUST00971,Sneha,Reddy,2003-10-14,FEMALE,sneha.reddy971@randommail.com,+91 931266331,Kochi,Kerala,682001,2016-07-01,ACTIVE,2016-07-01 09:00:00
CUST00972,Manish,Kulkarni,1950-05-21,MALE,manish.kulkarni972@randommail.com,+91 983911451,Pune,Maharashtra,411001,2021-03-26,ACTIVE,2021-03-26 09:00:00
CUST00973,Deepika,Bhatt,1957-04-13,FEMALE,deepika.bhatt973@randommail.com,+91 971519213,Chandigarh,Punjab,160017,2019-12-29,ACTIVE,2019-12-29 09:00:00
CUST00974,Deepika,Aggarwal,1982-02-11,FEMALE,deepika.aggarwal974@randommail.com,+91 883972698,Kochi,Kerala,682001,2015-02-04,ACTIVE,2015-02-04 09:00:00
CUST00975,Sneha,Reddy,1950-11-03,FEMALE,sneha.reddy975@randommail.com,+91 991331881,Chennai,Tamil Nadu,600001,2022-08-19,INACTIVE,2022-08-19 09:00:00
CUST00976,Sneha,Patel,1977-03-14,FEMALE,sneha.patel976@randommail.com,+91 994930196,Ahmedabad,Gujarat,380001,2019-01-26,ACTIVE,2019-01-26 09:00:00
CUST00977,Bhavna,Aggarwal,1968-10-04,FEMALE,bhavna.aggarwal977@randommail.com,+91 984289790,Chandigarh,Punjab,160017,2019-06-11,ACTIVE,2019-06-11 09:00:00
CUST00978,Aarti,Deshmukh,1994-04-27,FEMALE,aarti.deshmukh978@randommail.com,+91 964250925,Chandigarh,Punjab,160017,2023-04-15,ACTIVE,2023-04-15 09:00:00
CUST00979,Vivaan,Chowdhury,1961-07-04,MALE,vivaan.chowdhury979@randommail.com,+91 973137935,Chennai,Tamil Nadu,600001,2021-05-23,ACTIVE,2021-05-23 09:00:00
CUST00980,Sneha,Shah,1952-01-28,FEMALE,sneha.shah980@randommail.com,+91 948615616,Mumbai,Maharashtra,400001,2019-10-16,ACTIVE,2019-10-16 09:00:00
CUST00981,Amit,Mukherjee,1986-07-03,MALE,amit.mukherjee981@randommail.com,+91 943042084,Chandigarh,Punjab,160017,2020-10-23,ACTIVE,2020-10-23 09:00:00
CUST00982,Lakshmi,Verma,1970-02-22,FEMALE,lakshmi.verma982@randommail.com,+91 985662942,Pune,Maharashtra,411001,2020-12-20,ACTIVE,2020-12-20 09:00:00
CUST00983,Rohan,Gupta,1980-01-11,MALE,rohan.gupta983@randommail.com,+91 971425670,Kochi,Kerala,682001,2017-07-13,INACTIVE,2017-07-13 09:00:00
CUST00984,Ananya,Joshi,1967-08-31,FEMALE,ananya.joshi984@randommail.com,+91 966523472,Chennai,Tamil Nadu,600001,2015-09-15,ACTIVE,2015-09-15 09:00:00
CUST00985,Aarav,Kulkarni,1988-10-02,MALE,aarav.kulkarni985@randommail.com,+91 986608665,Chennai,Tamil Nadu,600001,2017-10-09,ACTIVE,2017-10-09 09:00:00
CUST00986,Amit,Verma,1979-12-06,MALE,amit.verma986@randommail.com,+91 992223240,Lucknow,Uttar Pradesh,226001,2021-12-12,ACTIVE,2021-12-12 09:00:00
CUST00987,Alok,Reddy,2001-12-09,MALE,alok.reddy987@randommail.com,+91 972435034,Mumbai,Maharashtra,400001,2015-05-17,ACTIVE,2015-05-17 09:00:00
CUST00988,Sai,Verma,1989-08-24,MALE,sai.verma988@randommail.com,+91 986057845,Lucknow,Uttar Pradesh,226001,2022-01-08,ACTIVE,2022-01-08 09:00:00
CUST00989,Karan,Verma,2000-03-04,MALE,karan.verma989@randommail.com,+91 985947882,Pune,Maharashtra,411001,2019-07-04,ACTIVE,2019-07-04 09:00:00
CUST00990,Pooja,Aggarwal,1950-12-14,FEMALE,pooja.aggarwal990@randommail.com,+91 707441109,Ahmedabad,Gujarat,380001,2023-12-01,ACTIVE,2023-12-01 09:00:00
CUST00991,Amit,Pillai,1952-05-01,MALE,amit.pillai991@randommail.com,+91 709677392,Kolkata,West Bengal,700001,2021-08-04,ACTIVE,2021-08-04 09:00:00
CUST00992,Aarav,Aggarwal,1956-01-23,MALE,aarav.aggarwal992@randommail.com,+91 993113620,Chandigarh,Punjab,160017,2020-09-15,ACTIVE,2020-09-15 09:00:00
CUST00993,Shruti,Aggarwal,1989-11-21,FEMALE,shruti.aggarwal993@randommail.com,+91 965079421,Bengaluru,Karnataka,560001,2023-12-09,ACTIVE,2023-12-09 09:00:00
CUST00994,Suresh,Chowdhury,1989-02-06,MALE,suresh.chowdhury994@randommail.com,+91 936220872,Lucknow,Uttar Pradesh,226001,2021-01-25,ACTIVE,2021-01-25 09:00:00
CUST00995,Vijay,Rao,2004-02-16,MALE,vijay.rao995@randommail.com,+91 935883242,Kolkata,West Bengal,700001,2015-02-03,ACTIVE,2015-02-03 09:00:00
CUST00996,Vihaan,Joshi,1995-06-30,MALE,vihaan.joshi996@randommail.com,+91 988081010,Kolkata,West Bengal,700001,2017-03-11,INACTIVE,2017-03-11 09:00:00
CUST00997,Vivaan,Nair,1966-12-27,MALE,vivaan.nair997@randommail.com,+91 708841710,Lucknow,Uttar Pradesh,226001,2022-10-07,ACTIVE,2022-10-07 09:00:00
CUST00998,Divya,Rao,1987-07-25,FEMALE,divya.rao998@randommail.com,+91 933722606,Delhi,Delhi,110001,2020-02-04,ACTIVE,2020-02-04 09:00:00
CUST00999,Vijay,Joshi,1950-05-02,MALE,,+91 994863356,Ahmedabad,Gujarat,380001,2021-12-30,ACTIVE,2021-12-30 09:00:00
CUST01000,Anita,Das,1968-06-02,FEMALE,anita.das1000@randommail.com,+91 884091109,Mumbai,Maharashtra,400001,2019-01-26,ACTIVE,2019-01-26 09:00:00
CUST00908,Radhika,Iyer,1988-12-01,FEMALE,radhika.iyer908@randommail.com,+91 981098097,Pune,Maharashtra,411001,2016-04-22,ACTIVE,2016-04-22 09:00:00
CUST00501,Reyansh,Shah,1969-02-15,MALE,reyansh.shah501@randommail.com,+91 882743602,Hyderabad,Telangana,500001,2021-01-11,ACTIVE,2021-01-11 09:00:00
CUST00215,Shalini,Gupta,2001-04-30,FEMALE,shalini.gupta215@randommail.com,+91 881508113,Ahmedabad,Gujarat,380001,2022-01-12,ACTIVE,2022-01-12 09:00:00
CUST00745,Rohan,Shah,1967-02-19,MALE,rohan.shah745@randommail.com,+91 947544871,Delhi,Delhi,110001,2022-01-27,ACTIVE,2022-01-27 09:00:00
CUST00084,Amit,Iyer,1998-01-28,MALE,amit.iyer84@randommail.com,+91 964213524,Hyderabad,Telangana,500001,2023-04-14,ACTIVE,2023-04-14 09:00:00
